review_id,text,current_category,review_category,review_urgency,review_note
1,친구 관계와 관련해 학교 차원의 예방 안내가 필요해 보입니다. 가정에서도 함께 지도할 수 있도록 안내를 요청드립니다,생활지도/안전,생활지도/안전,낮음,
2,학교 행사와 관련해 공지 내용만으로는 판단하기 어려운 점이 있습니다. 관련 기준과 절차를 안내해 주시기 바랍니다,기타,기타,낮음,
3,급식 시간에 배식을 도와주시는 봉사자분께서 아이들에게 다소 짜증 섞인 말투로 대하셨다는 이야기를 들었습니다. 봉사자분들도 아이들에게 좀 더 친절하게 응대해 주셨으면 좋겠습니다. 아이들이 위축되지 않고 편안하게 식사할 수 있는 분위기가 중요한 것 같습니다. 관련해서 안내 부탁드립니다.,급식,급식,보통,
4,수업 설명와 관련해 가정에서 확인하기에 안내 내용이 다소 부족했습니다. 학생들이 이해할 수 있도록 보충 설명을 부탁드립니다,수업/학습 문제,수업/학습 문제,보통,
5,쉬는 시간 지도와 관련해 학생들 사이의 관계를 조금 더 살펴볼 필요가 있어 보입니다. 재발 방지를 위한 조치와 확인 결과를 알려주시기 바랍니다,생활지도/안전,생활지도/안전,보통,
6,쉬는 시간 지도와 관련해 학교 차원의 예방 안내가 필요해 보입니다. 관련 상황을 확인하고 필요한 생활지도를 부탁드립니다,생활지도/안전,생활지도/안전,낮음,
7,제가 오늘 퇴근하고 오니까 애가 급식에서 나온 요플레를 주더군요. 근데 유통기한이 당장 오늘이네요. 영양사분 제정신입니까? 제가 일만 아니면 당장 따지러 갈 거 간신히 참았습니다. 애들이 이런 유제품 잘못 먹고 탈 나면 선생님께서 보상이라도 해주실건지요 이렇게 애들을 무책임하게 관리하셔도 되는 겁니까? 한번만 더 이런 일이 발생하면 그때는 문자로는 안 끝납니다.,급식,급식,높음,
8,교실 냉난방와 관련해 수업과 학교생활에 지장이 있을 수 있어 보입니다. 조치 예정 시점을 안내해 주시면 감사하겠습니다,시설/환경,시설/환경,보통,
9,보충 학습와 관련해 학생이 내용을 충분히 이해하기 어려웠다고 이야기했습니다. 향후 같은 혼란이 없도록 안내 방식을 점검해 주시기 바랍니다,수업/학습 문제,수업/학습 문제,보통,
10,급식 온도와 관련해 최근 반복적으로 비슷한 이야기가 들리고 있습니다. 급식 운영 기준과 확인 결과를 안내해 주시기 바랍니다,급식,급식,보통,
11,친구 관계와 관련해 학생이 불안함을 느낀 상황이 있었다고 말했습니다. 학생 안전을 위해 지도 계획을 점검해 주시기 바랍니다,생활지도/안전,생활지도/안전,높음,
12,생활 지도와 관련해 학생이 자신이 존중받지 못했다고 느낀 부분이 있었습니다. 관련 상황에 대해 학교의 설명을 듣고 싶습니다,교사 태도/행동,생활지도/안전,보통,
13,쉬는 시간 지도와 관련해 비슷한 상황이 반복될까 우려됩니다. 가정에서도 함께 지도할 수 있도록 안내를 요청드립니다,생활지도/안전,생활지도/안전,보통,
14,온라인 과제와 관련해 학생마다 이해 정도의 차이가 커 보였습니다. 향후 같은 혼란이 없도록 안내 방식을 점검해 주시기 바랍니다,수업/학습 문제,수업/학습 문제,보통,
15,급식 온도와 관련해 제공 방식에 대해 궁금한 부분이 있습니다. 재발 방지를 위한 관리 방안을 검토해 주시기 바랍니다,급식,급식,낮음,
16,최근 등교 시간에 교문 앞에서 낯선 성인이 학생들에게 말을 걸었다는 이야기를 듣고 매우 놀랐습니다. 아이들의 안전이 걱정되어 이렇게 말씀드립니다. 등교 시간대에 교문 주변 순찰이나 인력 배치를 강화해 주시기 바랍니다. 학부모들에게도 관련 안내 문자가 필요할 것 같습니다.,생활지도/안전,생활지도/안전,높음,
17,가정통신문와 관련해 학부모 입장에서 궁금한 부분이 남아 있습니다. 관련 기준과 절차를 안내해 주시기 바랍니다,기타,기타,낮음,
18,학교폭력 예방와 관련해 학교 차원의 예방 안내가 필요해 보입니다. 가정에서도 함께 지도할 수 있도록 안내를 요청드립니다,생활지도/안전,생활지도/안전,높음,
19,운동장 시설와 관련해 수업과 학교생활에 지장이 있을 수 있어 보입니다. 불편이 계속되지 않도록 관리 계획을 검토해 주시기 바랍니다,시설/환경,시설/환경,보통,
20,반찬 구성와 관련해 여러 학생에게 영향을 줄 수 있는 사안으로 보입니다. 학생들이 안심하고 식사할 수 있도록 점검을 부탁드립니다,급식,급식,보통,
21,학급 안내와 관련해 안내 과정에서 오해가 생길 수 있는 표현이 있었다고 생각합니다. 학생이 안정적으로 생활할 수 있도록 지도 방식을 검토해 주시기 바랍니다,교사 태도/행동,교사 태도/행동,보통,
22,화장실 청결와 관련해 여러 학생이 함께 사용하는 공간이라 관리가 필요합니다. 학생들이 안전하게 이용할 수 있도록 확인해 주시기 바랍니다,시설/환경,시설/환경,높음,
23,쉬는 시간 지도와 관련해 학교 차원의 예방 안내가 필요해 보입니다. 가정에서도 함께 지도할 수 있도록 안내를 요청드립니다,생활지도/안전,생활지도/안전,낮음,
24,방과후 과정와 관련해 안내된 절차에 대해 추가 설명이 필요합니다. 혼란이 없도록 안내 내용을 보완해 주시기 바랍니다,기타,기타,낮음,
25,책걸상 상태와 관련해 최근 상태가 나빠졌다는 이야기가 있었습니다. 시설 상태를 점검하고 필요한 조치를 부탁드립니다,시설/환경,시설/환경,보통,
26,고등학교 3학년인데 국어 수업 시간에 수능 연계 교재인 EBS 교재는 거의 다루지 않고 선생님께서 직접 만드신 프린트물로만 수업을 하십니다. 수능이 얼마 남지 않은 시점에서 연계 교재 풀이가 무엇보다 중요한데 수업 방식이 입시 현실과 동떨어져 있는 것 같습니다. EBS 교재를 주교재로 활용하여 수업을 진행해 주실 것을 강력히 건의합니다.,수업/학습 문제,수업/학습 문제,보통,
27,학교 앞 보행로에 가림막이 따로 없어 미세먼지가 심한 날에도 아이들이 그대로 노출된 채로 등하교를 합니다. 환경 개선을 위한 시설 보완이 필요해 보입니다. 관할 기관과 협의하여 개선 방안을 마련해 주시기 바랍니다. 아이들의 호흡기 건강을 위해 적극적인 검토를 부탁드립니다.,기타,기타,높음,
28,준비물 공지와 관련해 일정과 준비 사항을 다시 확인하고 싶습니다. 혼란이 없도록 안내 내용을 보완해 주시기 바랍니다,기타,기타,낮음,
29,반찬 구성와 관련해 학생 건강과 관련될 수 있어 확인을 요청드립니다. 필요한 경우 가정에도 관련 내용을 공유해 주시면 좋겠습니다,급식,급식,높음,
30,학교폭력 예방와 관련해 안전사고로 이어질 가능성이 있어 걱정됩니다. 관련 상황을 확인하고 필요한 생활지도를 부탁드립니다,생활지도/안전,생활지도/안전,높음,
31,수업 진도와 관련해 학습 계획을 세우기 위해 추가 설명이 필요합니다. 관련 내용을 다시 안내해 주시기 바랍니다,수업/학습 문제,수업/학습 문제,보통,
32,우유 제공와 관련해 학생이 식사 과정에서 불편함을 느꼈다고 말했습니다. 필요한 경우 가정에도 관련 내용을 공유해 주시면 좋겠습니다,급식,급식,보통,
33,과제 안내와 관련해 학생마다 이해 정도의 차이가 커 보였습니다. 향후 같은 혼란이 없도록 안내 방식을 점검해 주시기 바랍니다,수업/학습 문제,수업/학습 문제,보통,
34,과제 안내와 관련해 학생이 내용을 충분히 이해하기 어려웠다고 이야기했습니다. 학생들이 이해할 수 있도록 보충 설명을 부탁드립니다,수업/학습 문제,수업/학습 문제,보통,
35,학교폭력 예방와 관련해 비슷한 상황이 반복될까 우려됩니다. 학생 안전을 위해 지도 계획을 점검해 주시기 바랍니다,생활지도/안전,생활지도/안전,높음,
36,화장실 청결와 관련해 수업과 학교생활에 지장이 있을 수 있어 보입니다. 시설 상태를 점검하고 필요한 조치를 부탁드립니다,시설/환경,시설/환경,보통,
37,질문 응답와 관련해 학생마다 이해 정도의 차이가 커 보였습니다. 가정에서도 확인할 수 있는 기준을 공유해 주시면 좋겠습니다,수업/학습 문제,수업/학습 문제,보통,
38,지도 표현와 관련해 안내 과정에서 오해가 생길 수 있는 표현이 있었다고 생각합니다. 향후 소통 과정에서 학생이 위축되지 않도록 살펴봐 주시기 바랍니다,교사 태도/행동,교사 태도/행동,보통,
39,"발표 위주의 국어 수업 방식 때문에 내성적인 저희 아이가 밤잠을 설치며 괴로워하고 있습니다. 모든 아이가 대중 앞에서 말하기를 잘할 수는 없는데, 발표 횟수만을 적극성의 척도로 삼아 수행평가 점수를 매기는 것은 부당합니다. 글쓰기나 시각 자료 제작 등 다른 방식으로도 참여도를 평가받을 수 있는 선택지를 마련해 주시기 바랍니다.",수업/학습 문제,수업/학습 문제,보통,
40,학생 응대와 관련해 가정에서 듣기에 표현의 의도가 충분히 전달되지 않은 것 같습니다. 학생이 안정적으로 생활할 수 있도록 지도 방식을 검토해 주시기 바랍니다,교사 태도/행동,교사 태도/행동,보통,
41,"오늘 담임 선생님과의 학부모 상담에서 1시간 내내 우리 아이의 부족한 점, 산만한 점 등 단점만 지적하시어 얼굴을 들 수가 없었습니다. 부모 입장에서는 학교생활 중 잘하는 점이나 발전 가능성도 듣고 싶은데, 시종일관 부정적인 평가만 늘어놓으시니 기운이 다 빠지더군요. 다음 상담에서는 아이의 장점을 찾아 격려해 주시는 모습도 보여주세요.",교사 태도/행동,교사 태도/행동,보통,
42,지도 표현와 관련해 상황을 정확히 확인하고 싶은 부분이 있습니다. 사실관계를 확인한 뒤 필요한 안내를 부탁드립니다,교사 태도/행동,교사 태도/행동,보통,
43,상담 일정와 관련해 학교 운영 방식에 대해 문의드릴 부분이 있습니다. 혼란이 없도록 안내 내용을 보완해 주시기 바랍니다,기타,기타,낮음,
44,지도 표현와 관련해 학생이 상황을 부담스럽게 받아들였다고 말했습니다. 관련 상황에 대해 학교의 설명을 듣고 싶습니다,교사 태도/행동,교사 태도/행동,보통,
45,지도 표현와 관련해 학생이 상황을 부담스럽게 받아들였다고 말했습니다. 향후 소통 과정에서 학생이 위축되지 않도록 살펴봐 주시기 바랍니다,교사 태도/행동,교사 태도/행동,보통,
46,지도 표현와 관련해 안내 과정에서 오해가 생길 수 있는 표현이 있었다고 생각합니다. 관련 상황에 대해 학교의 설명을 듣고 싶습니다,교사 태도/행동,교사 태도/행동,보통,
47,친구 관계와 관련해 지도 공백이 생기지 않도록 확인이 필요합니다. 가정에서도 함께 지도할 수 있도록 안내를 요청드립니다,생활지도/안전,생활지도/안전,낮음,
48,운동장 이용와 관련해 학교 차원의 예방 안내가 필요해 보입니다. 관련 상황을 확인하고 필요한 생활지도를 부탁드립니다,생활지도/안전,생활지도/안전,낮음,
49,급수대 관리와 관련해 안전과 위생 측면에서 확인이 필요합니다. 학생들이 안전하게 이용할 수 있도록 확인해 주시기 바랍니다,시설/환경,시설/환경,높음,
50,저희 아이 반에서 특정 학생을 중심으로 한 따돌림 분위기가 있다는 것을 다른 학부모를 통해 전해 들었습니다. 아직 저희 아이가 직접 당한 것은 아니지만 학급 전체의 분위기가 우려스럽습니다. 학급 내 또래관계에 대한 점검과 인성 교육이 필요해 보입니다. 조속한 확인과 조치를 부탁드립니다.,생활지도/안전,생활지도/안전,높음,
51,급식 메뉴에 매운 음식이 자주 나와서 저학년 아이들이 잘 못 먹고 있다는 이야기를 여러 학부모에게서 들었습니다. 매운맛 정도를 조금 조절해 주시거나 순한 메뉴를 함께 병행해 주실 수 있을지 여쭤봅니다. 아이들마다 매운 음식에 대한 적응력이 다르다는 점도 함께 고려해 주시면 좋겠습니다. 식단 구성에 참고해 주시기 바랍니다.,급식,급식,낮음,
52,책걸상 상태와 관련해 점검이 필요한 상태로 보여 걱정됩니다. 학생들이 안전하게 이용할 수 있도록 확인해 주시기 바랍니다,시설/환경,시설/환경,높음,
53,쉬는 시간 지도와 관련해 지도 공백이 생기지 않도록 확인이 필요합니다. 관련 상황을 확인하고 필요한 생활지도를 부탁드립니다,생활지도/안전,생활지도/안전,보통,
54,상담 과정와 관련해 상황을 정확히 확인하고 싶은 부분이 있습니다. 사실관계를 확인한 뒤 필요한 안내를 부탁드립니다,교사 태도/행동,교사 태도/행동,보통,
55,전학 절차에 대해 행정실에 문의했는데 담당자마다 안내하는 내용이 조금씩 달라서 매우 혼란스러웠습니다. 행정 처리 과정에서 일관된 안내가 이루어졌으면 합니다. 전학과 관련된 절차를 명확히 정리하여 안내해 주시기 바랍니다. 학부모 입장에서는 정확한 정보가 무엇보다 중요한 것 같습니다.,기타,기타,낮음,
56,상담 일정와 관련해 학부모 입장에서 궁금한 부분이 남아 있습니다. 가정에서도 확인할 수 있도록 추가 공지를 부탁드립니다,기타,기타,낮음,
57,"급식 시간에 아이가 편식을 해서 콩나물을 조금 남겼는데, 급식 지도 선생님께서 이를 보시고는 다 먹을 때까지 자리에서 일어나지 못하게 강요하셨다고 합니다. 구역질을 하면서도 억지로 삼키는 아이를 윽박지르셨다니 부모로서 피가 거꾸로 솟는 심정입니다. 강압적인 식사 지도는 아이에게 트라우마만 남길 뿐이니 절대적으로 지양해 주시길 바랍니다.",교사 태도/행동,교사 태도/행동,보통,
58,사회 수업 시간에 담임 선생님께서 전화를 받으러 나가시거나 교무실에 서류를 갖다주신다며 자리를 비우시는 시간이 너무 잦다고 합니다. 심할 때는 20분 넘게 아이들끼리만 교실에 방치되어 자습을 했다고 하더군요. 학생들의 정당한 학습권을 침해하는 명백한 근무 태만 행위입니다. 수업 시간 이탈을 자제해 주시고 본연의 임무에 충실해 주십시오.,교사 태도/행동,교사 태도/행동,높음,
59,아이가 급식 시간에 좋아하지 않는 반찬을 강제로 한 숟갈씩 먹게 하는 규칙이 너무 부담스럽다고 말했습니다. 골고루 먹는 습관을 들이려는 취지는 충분히 이해하지만 아이마다 적응 속도가 다를 수 있을 것 같습니다. 조금 더 유연한 지도 방식을 고려해 주시면 좋겠습니다. 아이가 급식 시간을 즐겁게 느꼈으면 합니다.,급식,급식,보통,
60,수업 설명와 관련해 수업 후 복습 과정에서 기준을 확인하기 어려웠습니다. 관련 내용을 다시 안내해 주시기 바랍니다,수업/학습 문제,수업/학습 문제,보통,
61,등하교 안전와 관련해 지도 공백이 생기지 않도록 확인이 필요합니다. 재발 방지를 위한 조치와 확인 결과를 알려주시기 바랍니다,생활지도/안전,생활지도/안전,높음,
62,상담 과정와 관련해 가정에서 듣기에 표현의 의도가 충분히 전달되지 않은 것 같습니다. 학생이 안정적으로 생활할 수 있도록 지도 방식을 검토해 주시기 바랍니다,교사 태도/행동,교사 태도/행동,보통,
63,과제 안내와 관련해 가정에서 확인하기에 안내 내용이 다소 부족했습니다. 학생들이 이해할 수 있도록 보충 설명을 부탁드립니다,수업/학습 문제,수업/학습 문제,보통,
64,알레르기 표시와 관련해 여러 학생에게 영향을 줄 수 있는 사안으로 보입니다. 급식 운영 기준과 확인 결과를 안내해 주시기 바랍니다,급식,급식,높음,
65,알레르기 표시와 관련해 가정에서 확인하기에 안내가 조금 더 필요해 보입니다. 학생들이 안심하고 식사할 수 있도록 점검을 부탁드립니다,급식,급식,높음,
66,"사회 조별 과제에서 특정 아이 한두 명만 자료 조사와 발표 준비를 다 하고, 나머지 아이들은 참여하지 않았다고 합니다. 그런데 점수는 조원 모두가 동일하게 받아서 열심히 한 아이가 허탈해하고 있습니다. 선생님들 다 고소할겁니다. 조치 취하세요.",수업/학습 문제,수업/학습 문제,높음,
67,수업 진도와 관련해 공지된 내용과 실제 진행 방식이 달라 혼란이 있었습니다. 관련 내용을 다시 안내해 주시기 바랍니다,수업/학습 문제,수업/학습 문제,보통,
68,가정통신문와 관련해 안내된 절차에 대해 추가 설명이 필요합니다. 가정에서도 확인할 수 있도록 추가 공지를 부탁드립니다,기타,기타,낮음,
69,지도 표현와 관련해 가정에서 듣기에 표현의 의도가 충분히 전달되지 않은 것 같습니다. 학생이 안정적으로 생활할 수 있도록 지도 방식을 검토해 주시기 바랍니다,교사 태도/행동,교사 태도/행동,보통,
70,배식 과정와 관련해 최근 반복적으로 비슷한 이야기가 들리고 있습니다. 재발 방지를 위한 관리 방안을 검토해 주시기 바랍니다,급식,급식,보통,
71,급수대 관리와 관련해 여러 학생이 함께 사용하는 공간이라 관리가 필요합니다. 학생들이 안전하게 이용할 수 있도록 확인해 주시기 바랍니다,시설/환경,시설/환경,높음,
72,화장실 청결와 관련해 안전과 위생 측면에서 확인이 필요합니다. 시설 상태를 점검하고 필요한 조치를 부탁드립니다,시설/환경,시설/환경,높음,
73,학교 계단에서 아이들이 장난삼아 뛰어 내려가는 모습을 자주 목격한다는 이야기를 들었습니다. 계단에서의 안전사고가 충분히 우려되는 상황입니다. 쉬는 시간마다 계단 이용에 대한 지도를 강화해 주실 수 있을까요. 큰 사고가 발생하기 전에 예방 차원의 지도가 꼭 필요해 보입니다.,생활지도/안전,생활지도/안전,높음,
74,요즘 들어 급식 잔반이 유난히 많이 남는다는 이야기를 아이를 통해 자주 듣습니다. 아이들이 별로 좋아하지 않는 메뉴가 반복되는 것은 아닌지 궁금합니다. 학생 대상 설문조사를 통해 선호 메뉴를 식단에 반영해 주실 수 있을까요. 정기적인 식단 만족도 조사도 함께 해주시면 좋겠습니다.,급식,급식,보통,
75,책걸상 상태와 관련해 안전과 위생 측면에서 확인이 필요합니다. 시설 상태를 점검하고 필요한 조치를 부탁드립니다,시설/환경,시설/환경,높음,
76,학교 행사와 관련해 학부모 입장에서 궁금한 부분이 남아 있습니다. 혼란이 없도록 안내 내용을 보완해 주시기 바랍니다,기타,기타,낮음,
77,상담 과정와 관련해 안내 과정에서 오해가 생길 수 있는 표현이 있었다고 생각합니다. 향후 소통 과정에서 학생이 위축되지 않도록 살펴봐 주시기 바랍니다,교사 태도/행동,교사 태도/행동,보통,
78,피드백 방식와 관련해 안내 과정에서 오해가 생길 수 있는 표현이 있었다고 생각합니다. 관련 상황에 대해 학교의 설명을 듣고 싶습니다,교사 태도/행동,교사 태도/행동,보통,
79,상담 과정와 관련해 학생의 입장에서 설명이 조금 더 필요해 보였습니다. 사실관계를 확인한 뒤 필요한 안내를 부탁드립니다,교사 태도/행동,교사 태도/행동,보통,
80,체험학습 절차와 관련해 안내된 절차에 대해 추가 설명이 필요합니다. 관련 기준과 절차를 안내해 주시기 바랍니다,기타,기타,낮음,
81,식단 안내와 관련해 제공 방식에 대해 궁금한 부분이 있습니다. 필요한 경우 가정에도 관련 내용을 공유해 주시면 좋겠습니다,급식,급식,낮음,
82,배식 과정와 관련해 여러 학생에게 영향을 줄 수 있는 사안으로 보입니다. 급식 운영 기준과 확인 결과를 안내해 주시기 바랍니다,급식,급식,낮음,
83,과제 안내와 관련해 가정에서 확인하기에 안내 내용이 다소 부족했습니다. 관련 내용을 다시 안내해 주시기 바랍니다,수업/학습 문제,수업/학습 문제,보통,
84,화장실 청결와 관련해 학생들이 이용하기에 불편함이 있다는 이야기를 들었습니다. 조치 예정 시점을 안내해 주시면 감사하겠습니다,시설/환경,시설/환경,보통,
85,학급 안내와 관련해 상황을 정확히 확인하고 싶은 부분이 있습니다. 사실관계를 확인한 뒤 필요한 안내를 부탁드립니다,교사 태도/행동,교사 태도/행동,보통,
86,창문 안전와 관련해 학생들이 이용하기에 불편함이 있다는 이야기를 들었습니다. 학생들이 안전하게 이용할 수 있도록 확인해 주시기 바랍니다,시설/환경,시설/환경,높음,
87,화장실 청결와 관련해 최근 상태가 나빠졌다는 이야기가 있었습니다. 학생들이 안전하게 이용할 수 있도록 확인해 주시기 바랍니다,시설/환경,시설/환경,높음,
88,피드백 방식와 관련해 안내 과정에서 오해가 생길 수 있는 표현이 있었다고 생각합니다. 사실관계를 확인한 뒤 필요한 안내를 부탁드립니다,교사 태도/행동,교사 태도/행동,보통,
89,질문 응답와 관련해 학습 계획을 세우기 위해 추가 설명이 필요합니다. 학생들이 이해할 수 있도록 보충 설명을 부탁드립니다,수업/학습 문제,수업/학습 문제,보통,
90,과제 안내와 관련해 학생이 내용을 충분히 이해하기 어려웠다고 이야기했습니다. 가정에서도 확인할 수 있는 기준을 공유해 주시면 좋겠습니다,수업/학습 문제,수업/학습 문제,보통,
91,배식 과정와 관련해 학생 건강과 관련될 수 있어 확인을 요청드립니다. 필요한 경우 가정에도 관련 내용을 공유해 주시면 좋겠습니다,급식,급식,높음,
92,"음악실 방음벽이 너무 얇은지, 옆 반에서 단소나 리코더를 부는 소리가 그대로 들려와 수업에 전혀 집중할 수가 없다고 합니다. 심지어 바로 위층이 고학년 교실이라 층간 소음 민원도 잦다고 들었습니다. 쾌적한 음악 수업과 타 학급의 학습권 보장을 위해 음악실 벽면에 방음재를 보강하는 공사를 방학 기간을 이용해 꼭 진행해 주셨으면 좋겠습니다.",시설/환경,시설/환경,보통,
93,지도 표현와 관련해 학생의 입장에서 설명이 조금 더 필요해 보였습니다. 관련 상황에 대해 학교의 설명을 듣고 싶습니다,교사 태도/행동,교사 태도/행동,보통,
94,쉬는 시간 지도와 관련해 학생이 불안함을 느낀 상황이 있었다고 말했습니다. 학생 안전을 위해 지도 계획을 점검해 주시기 바랍니다,생활지도/안전,생활지도/안전,높음,
95,수업 진도와 관련해 학생이 내용을 충분히 이해하기 어려웠다고 이야기했습니다. 학생들이 이해할 수 있도록 보충 설명을 부탁드립니다,수업/학습 문제,수업/학습 문제,보통,
96,수업 설명와 관련해 학습 계획을 세우기 위해 추가 설명이 필요합니다. 관련 내용을 다시 안내해 주시기 바랍니다,수업/학습 문제,수업/학습 문제,보통,
97,배식 과정와 관련해 최근 반복적으로 비슷한 이야기가 들리고 있습니다. 급식 운영 기준과 확인 결과를 안내해 주시기 바랍니다,급식,급식,보통,
98,자전거로 등하교하는 학생들이 많은데 자전거 보관소에 비가림막이 설치되어 있지 않아 비나 눈이 오는 날이면 안장과 체인이 다 젖어 녹슬고 고장 나기 일쑤입니다. 자전거 이용을 권장하면서 정작 보관 시설은 이토록 열악하다니 아쉽습니다. 비바람을 막을 수 있는 지붕 형태의 튼튼한 비가림막 구조물을 조속히 설치해 주시기를 정중하게 건의드립니다.,시설/환경,시설/환경,높음,
99,가정통신문와 관련해 가정에서 확인해야 할 내용이 명확하지 않았습니다. 가정에서도 확인할 수 있도록 추가 공지를 부탁드립니다,기타,기타,낮음,
100,피드백 방식와 관련해 학생의 입장에서 설명이 조금 더 필요해 보였습니다. 사실관계를 확인한 뒤 필요한 안내를 부탁드립니다,교사 태도/행동,교사 태도/행동,보통,
101,운동장 이용와 관련해 지도 공백이 생기지 않도록 확인이 필요합니다. 학생 안전을 위해 지도 계획을 점검해 주시기 바랍니다,생활지도/안전,생활지도/안전,높음,
102,지도 표현와 관련해 가정에서 듣기에 표현의 의도가 충분히 전달되지 않은 것 같습니다. 사실관계를 확인한 뒤 필요한 안내를 부탁드립니다,교사 태도/행동,교사 태도/행동,보통,
103,이번 학기 창의적 체험활동 계획표를 보니 대부분 교실에서 종이접기나 영화 시청으로 대체되어 있습니다. 예전처럼 외부 강사를 초빙하거나 야외 생태 체험 등을 기대했는데 너무 부실하게 운영되는 것 같아 실망스럽습니다. 남은 학기 동안이라도 아이들이 다양한 경험을 할 수 있도록 보다 내실 있는 체험 프로그램을 기획해 주세요.,수업/학습 문제,수업/학습 문제,보통,
104,식단 안내와 관련해 학생 건강과 관련될 수 있어 확인을 요청드립니다. 재발 방지를 위한 관리 방안을 검토해 주시기 바랍니다,급식,급식,높음,
105,체험학습 절차와 관련해 공지 내용만으로는 판단하기 어려운 점이 있습니다. 가정에서도 확인할 수 있도록 추가 공지를 부탁드립니다,기타,기타,낮음,
106,등하교 안전와 관련해 학교 차원의 예방 안내가 필요해 보입니다. 관련 상황을 확인하고 필요한 생활지도를 부탁드립니다,생활지도/안전,생활지도/안전,높음,
107,화장실 청결와 관련해 여러 학생이 함께 사용하는 공간이라 관리가 필요합니다. 불편이 계속되지 않도록 관리 계획을 검토해 주시기 바랍니다,시설/환경,시설/환경,보통,
108,과제 안내와 관련해 학습 계획을 세우기 위해 추가 설명이 필요합니다. 가정에서도 확인할 수 있는 기준을 공유해 주시면 좋겠습니다,수업/학습 문제,수업/학습 문제,보통,
109,저희 아이 반에서 식중독이 의심되는 증세를 보인 아이가 최근 두 명이나 있었다고 들었습니다. 같은 반 학부모로서 매우 불안한 마음이 큽니다. 정확한 원인 파악과 함께 학부모들에게도 상황을 공지해 주셨으면 합니다. 급식 위생 점검 결과를 알려주시면 한결 안심이 될 것 같습니다.,급식,급식,높음,
110,"수학 선생님께서 수업 중에 남학생들에게는 '너희는 이과 가야지', 여학생들에게는 '여자는 꼼꼼하니까 문과가 어울린다'는 식의 성차별적이고 고정관념에 박힌 발언을 자주 하신다고 합니다. 다양한 가능성을 열어두고 꿈을 키워가야 할 아이들에게 성별을 이유로 한계를 짓는 발언은 매우 부적절합니다. 교사로서 성인지 감수성을 높여 주시기 바랍니다.",교사 태도/행동,교사 태도/행동,보통,
111,교실 냉난방와 관련해 여러 학생이 함께 사용하는 공간이라 관리가 필요합니다. 불편이 계속되지 않도록 관리 계획을 검토해 주시기 바랍니다,시설/환경,시설/환경,보통,
112,체험학습 절차와 관련해 안내된 절차에 대해 추가 설명이 필요합니다. 가정에서도 확인할 수 있도록 추가 공지를 부탁드립니다,기타,기타,낮음,
113,학급 안내와 관련해 상황을 정확히 확인하고 싶은 부분이 있습니다. 향후 소통 과정에서 학생이 위축되지 않도록 살펴봐 주시기 바랍니다,교사 태도/행동,교사 태도/행동,보통,
114,친구 관계와 관련해 안전사고로 이어질 가능성이 있어 걱정됩니다. 재발 방지를 위한 조치와 확인 결과를 알려주시기 바랍니다,생활지도/안전,생활지도/안전,높음,
115,통학로 상황와 관련해 학생들 사이의 관계를 조금 더 살펴볼 필요가 있어 보입니다. 재발 방지를 위한 조치와 확인 결과를 알려주시기 바랍니다,생활지도/안전,생활지도/안전,보통,
116,교실 냉난방와 관련해 최근 상태가 나빠졌다는 이야기가 있었습니다. 시설 상태를 점검하고 필요한 조치를 부탁드립니다,시설/환경,시설/환경,보통,
117,"현관 입구에 있는 실내화 주머니 보관함 개수가 학생 수보다 현저히 적어서, 아이들이 그냥 바닥에 실내화 주머니를 널브러뜨리고 교실로 올라갑니다. 비 오는 날이면 신발장에 진흙이 범벅되어 현관이 엉망진창이고 냄새도 심합니다. 여유 있는 공간에 수납장을 넉넉히 추가 설치해 주시고 반별로 구역을 지정하여 아이들이 깔끔하게 정리하는 습관을 들이도록 지도해 주세요.",시설/환경,시설/환경,보통,
118,학교 운동장에서 미세먼지가 심한 날에도 야외 체육 수업을 그대로 진행하는 경우가 있다고 합니다. 대기질 기준에 따른 실내 대체 수업 운영이 필요해 보입니다. 아이들의 호흡기 건강을 고려한 기준 마련을 부탁드립니다. 미세먼지 농도에 따른 명확한 운영 지침을 안내해 주시면 좋겠습니다.,기타,기타,높음,
119,급식 시간에 짝꿍 친구가 음식을 던지거나 장난을 쳐서 식사 분위기가 매우 어수선하다고 아이가 말했습니다. 식사 예절에 대한 지도가 좀 더 필요해 보입니다. 안전하고 차분한 분위기에서 식사할 수 있도록 배식 시간 지도를 부탁드립니다. 다른 아이들도 함께 불편함을 느끼고 있는 것 같습니다.,급식,급식,높음,
120,쉬는 시간 지도와 관련해 안전사고로 이어질 가능성이 있어 걱정됩니다. 학생 안전을 위해 지도 계획을 점검해 주시기 바랍니다,생활지도/안전,생활지도/안전,높음,
121,학급 안내와 관련해 학생이 상황을 부담스럽게 받아들였다고 말했습니다. 향후 소통 과정에서 학생이 위축되지 않도록 살펴봐 주시기 바랍니다,교사 태도/행동,교사 태도/행동,보통,
122,음식 위생와 관련해 제공 방식에 대해 궁금한 부분이 있습니다. 급식 운영 기준과 확인 결과를 안내해 주시기 바랍니다,급식,급식,낮음,
123,음식 위생와 관련해 제공 방식에 대해 궁금한 부분이 있습니다. 필요한 경우 가정에도 관련 내용을 공유해 주시면 좋겠습니다,급식,급식,낮음,
124,음식 위생와 관련해 여러 학생에게 영향을 줄 수 있는 사안으로 보입니다. 급식 운영 기준과 확인 결과를 안내해 주시기 바랍니다,급식,급식,낮음,
125,화장실 청결와 관련해 여러 학생이 함께 사용하는 공간이라 관리가 필요합니다. 시설 상태를 점검하고 필요한 조치를 부탁드립니다,시설/환경,시설/환경,보통,
126,행정 안내와 관련해 학교 운영 방식에 대해 문의드릴 부분이 있습니다. 담당 부서에서 확인 후 답변해 주시면 감사하겠습니다,기타,기타,낮음,
127,질문 응답와 관련해 가정에서 확인하기에 안내 내용이 다소 부족했습니다. 관련 내용을 다시 안내해 주시기 바랍니다,수업/학습 문제,수업/학습 문제,보통,
128,교실 냉난방와 관련해 안전과 위생 측면에서 확인이 필요합니다. 시설 상태를 점검하고 필요한 조치를 부탁드립니다,시설/환경,시설/환경,높음,
129,우유 제공와 관련해 학생 건강과 관련될 수 있어 확인을 요청드립니다. 재발 방지를 위한 관리 방안을 검토해 주시기 바랍니다,급식,급식,높음,
130,가정통신문와 관련해 일정과 준비 사항을 다시 확인하고 싶습니다. 혼란이 없도록 안내 내용을 보완해 주시기 바랍니다,기타,기타,낮음,
131,운동장 시설와 관련해 학생들이 이용하기에 불편함이 있다는 이야기를 들었습니다. 조치 예정 시점을 안내해 주시면 감사하겠습니다,시설/환경,시설/환경,보통,
132,급수대 관리와 관련해 수업과 학교생활에 지장이 있을 수 있어 보입니다. 조치 예정 시점을 안내해 주시면 감사하겠습니다,시설/환경,시설/환경,보통,
133,식단 안내와 관련해 여러 학생에게 영향을 줄 수 있는 사안으로 보입니다. 필요한 경우 가정에도 관련 내용을 공유해 주시면 좋겠습니다,급식,급식,낮음,
134,운동장 시설와 관련해 최근 상태가 나빠졌다는 이야기가 있었습니다. 시설 상태를 점검하고 필요한 조치를 부탁드립니다,시설/환경,시설/환경,보통,
135,가정통신문와 관련해 가정에서 확인해야 할 내용이 명확하지 않았습니다. 혼란이 없도록 안내 내용을 보완해 주시기 바랍니다,기타,기타,낮음,
136,학교 정문에 설치된 출입 시스템이 자주 오류가 나서 학부모 인증이 잘 안 되는 경우가 많다는 이야기를 들었습니다. 방문이 필요한 상황에서 큰 불편을 겪었습니다. 시스템 점검과 개선을 요청드립니다. 원활한 학부모 출입 관리를 위해 빠른 시일 내에 신경 써주시기 바랍니다.,기타,기타,낮음,
137,배식 과정와 관련해 학생이 식사 과정에서 불편함을 느꼈다고 말했습니다. 재발 방지를 위한 관리 방안을 검토해 주시기 바랍니다,급식,급식,보통,
138,식단 안내와 관련해 최근 반복적으로 비슷한 이야기가 들리고 있습니다. 급식 운영 기준과 확인 결과를 안내해 주시기 바랍니다,급식,급식,보통,
139,배식 과정와 관련해 제공 방식에 대해 궁금한 부분이 있습니다. 학생들이 안심하고 식사할 수 있도록 점검을 부탁드립니다,급식,급식,보통,
140,금요일마다 내주시는 수학 프린트 과제물이 10장이나 되어 주말 내내 아이가 문제만 풀고 있습니다. 주말에는 가족들과 시간을 보내거나 휴식을 취해야 하는데 과제에 짓눌려 지내는 모습이 안쓰럽습니다. 복습에 필요한 핵심 문제만 추려서 2~3장 내외로 과제량을 대폭 줄여주시길 간곡히 부탁드립니다. 아이들의 휴식권도 보장해 주세요.,수업/학습 문제,수업/학습 문제,보통,
141,급수대 관리와 관련해 최근 상태가 나빠졌다는 이야기가 있었습니다. 조치 예정 시점을 안내해 주시면 감사하겠습니다,시설/환경,시설/환경,보통,
142,"선생님들 출퇴근 차량이 드나드는 정문 주차장 진입로와 아이들의 도보 통학로가 명확히 분리되어 있지 않아 매일 아침 등굣길이 아수라장입니다. 갑자기 튀어나오는 차량 때문에 아이들이 깜짝 놀라 멈칫하는 아찔한 순간을 여러 번 목격했습니다. 안전봉을 세워 보행자 전용 통로를 확실하게 분리해 주시고, 등하교 시간대에는 교문 앞 차량 출입을 통제해 주십시오.",시설/환경,시설/환경,높음,
143,식단 안내와 관련해 학생이 식사 과정에서 불편함을 느꼈다고 말했습니다. 재발 방지를 위한 관리 방안을 검토해 주시기 바랍니다,급식,급식,보통,
144,책걸상 상태와 관련해 여러 학생이 함께 사용하는 공간이라 관리가 필요합니다. 시설 상태를 점검하고 필요한 조치를 부탁드립니다,시설/환경,시설/환경,보통,
145,쉬는 시간 지도와 관련해 학생이 불안함을 느낀 상황이 있었다고 말했습니다. 가정에서도 함께 지도할 수 있도록 안내를 요청드립니다,생활지도/안전,생활지도/안전,낮음,
146,가정통신문와 관련해 가정에서 확인해야 할 내용이 명확하지 않았습니다. 담당 부서에서 확인 후 답변해 주시면 감사하겠습니다,기타,기타,낮음,
147,화장실 청결와 관련해 학생들이 이용하기에 불편함이 있다는 이야기를 들었습니다. 불편이 계속되지 않도록 관리 계획을 검토해 주시기 바랍니다,시설/환경,시설/환경,보통,
148,지도 표현와 관련해 학생이 상황을 부담스럽게 받아들였다고 말했습니다. 학생이 안정적으로 생활할 수 있도록 지도 방식을 검토해 주시기 바랍니다,교사 태도/행동,교사 태도/행동,보통,
149,보충 학습와 관련해 수업 후 복습 과정에서 기준을 확인하기 어려웠습니다. 관련 내용을 다시 안내해 주시기 바랍니다,수업/학습 문제,수업/학습 문제,보통,
150,지도 표현와 관련해 학생이 자신이 존중받지 못했다고 느낀 부분이 있었습니다. 향후 소통 과정에서 학생이 위축되지 않도록 살펴봐 주시기 바랍니다,교사 태도/행동,교사 태도/행동,보통,
151,가정통신문와 관련해 안내된 절차에 대해 추가 설명이 필요합니다. 관련 기준과 절차를 안내해 주시기 바랍니다,기타,기타,낮음,
152,급수대 관리와 관련해 점검이 필요한 상태로 보여 걱정됩니다. 학생들이 안전하게 이용할 수 있도록 확인해 주시기 바랍니다,시설/환경,시설/환경,높음,
153,교내 이동와 관련해 안전사고로 이어질 가능성이 있어 걱정됩니다. 학생 안전을 위해 지도 계획을 점검해 주시기 바랍니다,생활지도/안전,생활지도/안전,높음,
154,반찬 구성와 관련해 제공 방식에 대해 궁금한 부분이 있습니다. 필요한 경우 가정에도 관련 내용을 공유해 주시면 좋겠습니다,급식,급식,낮음,
155,교내 와이파이 환경이 좋지 않아 온라인 수업이나 디지털 교과서를 활용할 때마다 아이가 불편을 겪는다고 합니다. 디지털 학습 환경에 대한 개선이 필요해 보입니다. 인프라 점검과 보완을 요청드립니다. 원활한 온라인 수업과 학습 진행을 위해 빠른 점검과 검토를 부탁드립니다.,기타,기타,낮음,
156,최근 학교 주변에 배회하는 낯선 차량이 자주 목격된다는 이야기를 다른 학부모들과 나눈 적이 여러 번 있습니다. 아이들 안전이 걱정되어 이렇게 말씀드립니다. 등하교 시간대 학교 주변 순찰을 강화해 주시기 바랍니다. 학부모들에게도 미리 주의 안내 문자를 보내주시면 좋겠습니다.,생활지도/안전,생활지도/안전,높음,
157,친구 관계와 관련해 지도 공백이 생기지 않도록 확인이 필요합니다. 관련 상황을 확인하고 필요한 생활지도를 부탁드립니다,생활지도/안전,생활지도/안전,보통,
158,생활 지도와 관련해 학생의 입장에서 설명이 조금 더 필요해 보였습니다. 학생이 안정적으로 생활할 수 있도록 지도 방식을 검토해 주시기 바랍니다,교사 태도/행동,교사 태도/행동,보통,
159,음식 위생와 관련해 가정에서 확인하기에 안내가 조금 더 필요해 보입니다. 재발 방지를 위한 관리 방안을 검토해 주시기 바랍니다,급식,급식,낮음,
160,학생 응대와 관련해 학생의 입장에서 설명이 조금 더 필요해 보였습니다. 사실관계를 확인한 뒤 필요한 안내를 부탁드립니다,교사 태도/행동,교사 태도/행동,보통,
161,쉬는 시간 지도와 관련해 지도 공백이 생기지 않도록 확인이 필요합니다. 가정에서도 함께 지도할 수 있도록 안내를 요청드립니다,생활지도/안전,생활지도/안전,낮음,
162,급식 온도와 관련해 가정에서 확인하기에 안내가 조금 더 필요해 보입니다. 학생들이 안심하고 식사할 수 있도록 점검을 부탁드립니다,급식,급식,보통,
163,질문 응답와 관련해 가정에서 확인하기에 안내 내용이 다소 부족했습니다. 학생들이 이해할 수 있도록 보충 설명을 부탁드립니다,수업/학습 문제,수업/학습 문제,보통,
164,평가 기준와 관련해 학습 계획을 세우기 위해 추가 설명이 필요합니다. 관련 내용을 다시 안내해 주시기 바랍니다,수업/학습 문제,수업/학습 문제,보통,
165,보충 학습와 관련해 공지된 내용과 실제 진행 방식이 달라 혼란이 있었습니다. 학생들이 이해할 수 있도록 보충 설명을 부탁드립니다,수업/학습 문제,수업/학습 문제,보통,
166,"컴퓨터실 PC가 도입된 지 10년이 다 되어가는 구형 모델이라 부팅하는 데만 10분이 넘게 걸리고, 코딩 프로그램 하나 돌리려 해도 버벅거려 멈춰버리기 일쑤라고 합니다. 4차 산업혁명 시대에 소프트웨어 교육을 강조하면서 정작 하드웨어 인프라가 이렇게 열악해서야 어떻게 제대로 된 IT 교육이 이루어지겠습니까? 최신 사양의 컴퓨터로 전면 교체할 예산 편성을 요구합니다.",시설/환경,시설/환경,보통,
167,행정 안내와 관련해 학부모 입장에서 궁금한 부분이 남아 있습니다. 담당 부서에서 확인 후 답변해 주시면 감사하겠습니다,기타,기타,낮음,
168,상담 일정와 관련해 공지 내용만으로는 판단하기 어려운 점이 있습니다. 관련 기준과 절차를 안내해 주시기 바랍니다,기타,기타,낮음,
169,배식 과정와 관련해 제공 방식에 대해 궁금한 부분이 있습니다. 급식 운영 기준과 확인 결과를 안내해 주시기 바랍니다,급식,급식,낮음,
170,"학생 주임 선생님께서 아침 등굣길에 교복 치마 길이가 짧다며 아이들의 치마를 들춰보거나 다리를 툭툭 치며 지적하신다고 합니다. 복장 규제는 필요하지만, 신체 접촉을 동반한 강압적인 단속 방식은 여학생들에게 큰 수치심을 유발할 수 있는 성희롱적 소지가 다분합니다. 말로서 타이르고 구두로 경고하는 방식의 건전한 생활 지도를 촉구합니다.",교사 태도/행동,교사 태도/행동,높음,
171,수업 중 발언와 관련해 학생이 자신이 존중받지 못했다고 느낀 부분이 있었습니다. 향후 소통 과정에서 학생이 위축되지 않도록 살펴봐 주시기 바랍니다,교사 태도/행동,교사 태도/행동,보통,
172,학교폭력 예방와 관련해 지도 공백이 생기지 않도록 확인이 필요합니다. 가정에서도 함께 지도할 수 있도록 안내를 요청드립니다,생활지도/안전,생활지도/안전,높음,
173,하굣길에 항상 지나는 골목길의 가로등이 고장 나서 어두워 아이 혼자 다니기에 위험하다고 합니다. 겨울철 해가 일찍 지면서 더욱 걱정스러운 상황입니다. 학교에서 관할 구청에 가로등 수리를 요청해 주실 수 있는지 문의드립니다. 아이들의 등하굣길 안전 확보를 위해 꼭 부탁드립니다.,생활지도/안전,생활지도/안전,높음,
174,온라인 과제와 관련해 공지된 내용과 실제 진행 방식이 달라 혼란이 있었습니다. 학생들이 이해할 수 있도록 보충 설명을 부탁드립니다,수업/학습 문제,수업/학습 문제,보통,
175,지도 표현와 관련해 안내 과정에서 오해가 생길 수 있는 표현이 있었다고 생각합니다. 사실관계를 확인한 뒤 필요한 안내를 부탁드립니다,교사 태도/행동,교사 태도/행동,보통,
176,운동장 이용와 관련해 학생들 사이의 관계를 조금 더 살펴볼 필요가 있어 보입니다. 가정에서도 함께 지도할 수 있도록 안내를 요청드립니다,생활지도/안전,생활지도/안전,낮음,
177,책걸상 상태와 관련해 안전과 위생 측면에서 확인이 필요합니다. 불편이 계속되지 않도록 관리 계획을 검토해 주시기 바랍니다,시설/환경,시설/환경,높음,
178,과제 안내와 관련해 수업 후 복습 과정에서 기준을 확인하기 어려웠습니다. 관련 내용을 다시 안내해 주시기 바랍니다,수업/학습 문제,수업/학습 문제,보통,
179,학교 누리집에 게시된 학사일정과 실제로 운영되는 일정이 서로 달라 헷갈리는 경우가 종종 있습니다. 최신 정보로 좀 더 자주 업데이트해 주시면 좋겠습니다. 정확한 일정 안내가 학부모들의 일정 관리에 큰 도움이 됩니다. 학사일정 정보 관리에 좀 더 세심하게 신경 써주시기를 바랍니다.,기타,기타,낮음,
180,창문 안전와 관련해 여러 학생이 함께 사용하는 공간이라 관리가 필요합니다. 조치 예정 시점을 안내해 주시면 감사하겠습니다,시설/환경,시설/환경,높음,
181,교내 이동와 관련해 안전사고로 이어질 가능성이 있어 걱정됩니다. 재발 방지를 위한 조치와 확인 결과를 알려주시기 바랍니다,생활지도/안전,생활지도/안전,높음,
182,평가 기준와 관련해 가정에서 확인하기에 안내 내용이 다소 부족했습니다. 향후 같은 혼란이 없도록 안내 방식을 점검해 주시기 바랍니다,수업/학습 문제,수업/학습 문제,보통,
183,가정통신문와 관련해 공지 내용만으로는 판단하기 어려운 점이 있습니다. 담당 부서에서 확인 후 답변해 주시면 감사하겠습니다,기타,기타,낮음,
184,행정 안내와 관련해 학부모 입장에서 궁금한 부분이 남아 있습니다. 관련 기준과 절차를 안내해 주시기 바랍니다,기타,기타,낮음,
185,복도 조명와 관련해 수업과 학교생활에 지장이 있을 수 있어 보입니다. 불편이 계속되지 않도록 관리 계획을 검토해 주시기 바랍니다,시설/환경,시설/환경,보통,
186,학교 행사와 관련해 안내된 절차에 대해 추가 설명이 필요합니다. 가정에서도 확인할 수 있도록 추가 공지를 부탁드립니다,기타,기타,낮음,
187,상담 일정와 관련해 가정에서 확인해야 할 내용이 명확하지 않았습니다. 혼란이 없도록 안내 내용을 보완해 주시기 바랍니다,기타,기타,낮음,
188,지난 4월 9일 급식에 나온 멸치국물에서 비린 맛이 너무 강해서 아이가 거의 다 남기고 왔다고 합니다. 육수에 사용하는 재료나 조리 방법에 변화를 줄 수 있는지 궁금합니다. 아이들 입맛에 맞는 조리법을 연구해 보시는 것도 필요할 것 같습니다. 참고해 주시면 정말 감사하겠습니다.,급식,급식,낮음,
189,피드백 방식와 관련해 가정에서 듣기에 표현의 의도가 충분히 전달되지 않은 것 같습니다. 향후 소통 과정에서 학생이 위축되지 않도록 살펴봐 주시기 바랍니다,교사 태도/행동,교사 태도/행동,보통,
190,보충 학습와 관련해 수업 후 복습 과정에서 기준을 확인하기 어려웠습니다. 향후 같은 혼란이 없도록 안내 방식을 점검해 주시기 바랍니다,수업/학습 문제,수업/학습 문제,보통,
191,생활 지도와 관련해 상황을 정확히 확인하고 싶은 부분이 있습니다. 관련 상황에 대해 학교의 설명을 듣고 싶습니다,교사 태도/행동,교사 태도/행동,보통,
192,알레르기 표시와 관련해 가정에서 확인하기에 안내가 조금 더 필요해 보입니다. 재발 방지를 위한 관리 방안을 검토해 주시기 바랍니다,급식,급식,높음,
193,운동장 이용와 관련해 학교 차원의 예방 안내가 필요해 보입니다. 재발 방지를 위한 조치와 확인 결과를 알려주시기 바랍니다,생활지도/안전,생활지도/안전,보통,
194,저희 애가 성이 변씨 인데 친구들이 자꾸 변기라고 불러서 지금 자존감이 많이 내려갔어요 제 아이 상처 받은 거 어떻게 보상하실거예요? 저번에 민재가 자꾸 변기라고 불러서 민재 엄마한테도 경고 줬는데 또 이러네요 이젠 선생님도 어느정도 책임이 있지 않겠어요? 애 엄마가 지금 화가 많이 났네요. 선생님께서 확실하게 조치 취해주세요.,생활지도/안전,생활지도/안전,보통,
195,교내 공사로 인해 일부 통로가 막혀 있는데 안전 표지판이 제대로 설치되어 있지 않다는 이야기를 들었습니다. 아이들이 모르고 그대로 지나가다 위험할 수 있을 것 같습니다. 공사 구간에 대한 안전 표시와 우회 안내를 강화해 주시기 바랍니다. 공사 기간 동안 각별한 주의를 부탁드립니다.,생활지도/안전,생활지도/안전,높음,
196,질문 응답와 관련해 수업 후 복습 과정에서 기준을 확인하기 어려웠습니다. 가정에서도 확인할 수 있는 기준을 공유해 주시면 좋겠습니다,수업/학습 문제,수업/학습 문제,보통,
197,학교 행정실에 필요한 서류 발급을 요청했는데 처리 기간이 안내받은 것보다 훨씬 길어져서 불편을 겪었습니다. 급하게 필요한 서류였는데 일정에 차질이 생겨 난감했습니다. 처리 기간에 대한 정확한 안내와 신속한 처리를 부탁드립니다. 행정 서비스 전반의 개선이 필요해 보입니다.,기타,기타,낮음,
198,행정 안내와 관련해 공지 내용만으로는 판단하기 어려운 점이 있습니다. 관련 기준과 절차를 안내해 주시기 바랍니다,기타,기타,낮음,
199,과제 안내와 관련해 학생이 내용을 충분히 이해하기 어려웠다고 이야기했습니다. 향후 같은 혼란이 없도록 안내 방식을 점검해 주시기 바랍니다,수업/학습 문제,수업/학습 문제,보통,
200,쉬는 시간 지도와 관련해 안전사고로 이어질 가능성이 있어 걱정됩니다. 관련 상황을 확인하고 필요한 생활지도를 부탁드립니다,생활지도/안전,생활지도/안전,높음,
201,보충 학습와 관련해 학습 계획을 세우기 위해 추가 설명이 필요합니다. 관련 내용을 다시 안내해 주시기 바랍니다,수업/학습 문제,수업/학습 문제,보통,
202,운동장 시설와 관련해 여러 학생이 함께 사용하는 공간이라 관리가 필요합니다. 시설 상태를 점검하고 필요한 조치를 부탁드립니다,시설/환경,시설/환경,보통,
203,수업 설명와 관련해 공지된 내용과 실제 진행 방식이 달라 혼란이 있었습니다. 향후 같은 혼란이 없도록 안내 방식을 점검해 주시기 바랍니다,수업/학습 문제,수업/학습 문제,보통,
204,운동장 이용와 관련해 비슷한 상황이 반복될까 우려됩니다. 관련 상황을 확인하고 필요한 생활지도를 부탁드립니다,생활지도/안전,생활지도/안전,보통,
205,반찬 구성와 관련해 가정에서 확인하기에 안내가 조금 더 필요해 보입니다. 학생들이 안심하고 식사할 수 있도록 점검을 부탁드립니다,급식,급식,보통,
206,등하교 안전와 관련해 안전사고로 이어질 가능성이 있어 걱정됩니다. 학생 안전을 위해 지도 계획을 점검해 주시기 바랍니다,생활지도/안전,생활지도/안전,높음,
207,방과후 과정와 관련해 공지 내용만으로는 판단하기 어려운 점이 있습니다. 관련 기준과 절차를 안내해 주시기 바랍니다,기타,기타,낮음,
208,급수대 관리와 관련해 수업과 학교생활에 지장이 있을 수 있어 보입니다. 시설 상태를 점검하고 필요한 조치를 부탁드립니다,시설/환경,시설/환경,보통,
209,생활 지도와 관련해 가정에서 듣기에 표현의 의도가 충분히 전달되지 않은 것 같습니다. 학생이 안정적으로 생활할 수 있도록 지도 방식을 검토해 주시기 바랍니다,교사 태도/행동,교사 태도/행동,보통,
210,복도 조명와 관련해 최근 상태가 나빠졌다는 이야기가 있었습니다. 시설 상태를 점검하고 필요한 조치를 부탁드립니다,시설/환경,시설/환경,보통,
211,책걸상 상태와 관련해 여러 학생이 함께 사용하는 공간이라 관리가 필요합니다. 조치 예정 시점을 안내해 주시면 감사하겠습니다,시설/환경,시설/환경,보통,
212,가정통신문와 관련해 학부모 입장에서 궁금한 부분이 남아 있습니다. 혼란이 없도록 안내 내용을 보완해 주시기 바랍니다,기타,기타,낮음,
213,질문 응답와 관련해 공지된 내용과 실제 진행 방식이 달라 혼란이 있었습니다. 가정에서도 확인할 수 있는 기준을 공유해 주시면 좋겠습니다,수업/학습 문제,수업/학습 문제,보통,
214,학급 안내와 관련해 안내 과정에서 오해가 생길 수 있는 표현이 있었다고 생각합니다. 사실관계를 확인한 뒤 필요한 안내를 부탁드립니다,교사 태도/행동,교사 태도/행동,보통,
215,준비물 공지와 관련해 가정에서 확인해야 할 내용이 명확하지 않았습니다. 담당 부서에서 확인 후 답변해 주시면 감사하겠습니다,기타,기타,낮음,
216,수업 중 발언와 관련해 학생이 상황을 부담스럽게 받아들였다고 말했습니다. 관련 상황에 대해 학교의 설명을 듣고 싶습니다,교사 태도/행동,교사 태도/행동,보통,
217,보충 학습와 관련해 학생마다 이해 정도의 차이가 커 보였습니다. 가정에서도 확인할 수 있는 기준을 공유해 주시면 좋겠습니다,수업/학습 문제,수업/학습 문제,보통,
218,상담 일정와 관련해 학교 운영 방식에 대해 문의드릴 부분이 있습니다. 관련 기준과 절차를 안내해 주시기 바랍니다,기타,기타,낮음,
219,식단 안내와 관련해 가정에서 확인하기에 안내가 조금 더 필요해 보입니다. 학생들이 안심하고 식사할 수 있도록 점검을 부탁드립니다,급식,급식,보통,
220,과제 안내와 관련해 공지된 내용과 실제 진행 방식이 달라 혼란이 있었습니다. 향후 같은 혼란이 없도록 안내 방식을 점검해 주시기 바랍니다,수업/학습 문제,수업/학습 문제,보통,
221,복도 조명와 관련해 수업과 학교생활에 지장이 있을 수 있어 보입니다. 조치 예정 시점을 안내해 주시면 감사하겠습니다,시설/환경,시설/환경,보통,
222,학교 행사와 관련해 학교 운영 방식에 대해 문의드릴 부분이 있습니다. 관련 기준과 절차를 안내해 주시기 바랍니다,기타,기타,낮음,
223,등하교 안전와 관련해 비슷한 상황이 반복될까 우려됩니다. 관련 상황을 확인하고 필요한 생활지도를 부탁드립니다,생활지도/안전,생활지도/안전,높음,
224,음식 위생와 관련해 최근 반복적으로 비슷한 이야기가 들리고 있습니다. 필요한 경우 가정에도 관련 내용을 공유해 주시면 좋겠습니다,급식,급식,보통,
225,평가 기준와 관련해 가정에서 확인하기에 안내 내용이 다소 부족했습니다. 학생들이 이해할 수 있도록 보충 설명을 부탁드립니다,수업/학습 문제,수업/학습 문제,보통,
226,체험학습 절차와 관련해 학교 운영 방식에 대해 문의드릴 부분이 있습니다. 담당 부서에서 확인 후 답변해 주시면 감사하겠습니다,기타,기타,낮음,
227,화장실 청결와 관련해 학생들이 이용하기에 불편함이 있다는 이야기를 들었습니다. 학생들이 안전하게 이용할 수 있도록 확인해 주시기 바랍니다,시설/환경,시설/환경,높음,
228,"매일 종례 시간이 30분 이상 지연되어 학원 버스를 놓치거나 방과 후 스케줄이 엉망이 되는 일이 비일비재합니다. 담임 선생님께서 그날 화가 나셨다는 이유로 아이들을 꼼짝 못 하게 앉혀두고 설교를 늘어놓으시는 건 일종의 감정풀이 아닌가요? 정해진 하교 시간을 엄수해 주시고, 전달 사항은 요점만 간단히 마쳐 주시기를 간곡히 당부드립니다.",교사 태도/행동,교사 태도/행동,보통,
229,학교폭력 예방와 관련해 학생들 사이의 관계를 조금 더 살펴볼 필요가 있어 보입니다. 가정에서도 함께 지도할 수 있도록 안내를 요청드립니다,생활지도/안전,생활지도/안전,높음,
230,학교폭력 예방와 관련해 안전사고로 이어질 가능성이 있어 걱정됩니다. 학생 안전을 위해 지도 계획을 점검해 주시기 바랍니다,생활지도/안전,생활지도/안전,높음,
231,과제 안내와 관련해 공지된 내용과 실제 진행 방식이 달라 혼란이 있었습니다. 관련 내용을 다시 안내해 주시기 바랍니다,수업/학습 문제,수업/학습 문제,보통,
232,쉬는 시간 지도와 관련해 지도 공백이 생기지 않도록 확인이 필요합니다. 재발 방지를 위한 조치와 확인 결과를 알려주시기 바랍니다,생활지도/안전,생활지도/안전,보통,
233,준비물 공지와 관련해 학부모 입장에서 궁금한 부분이 남아 있습니다. 가정에서도 확인할 수 있도록 추가 공지를 부탁드립니다,기타,기타,낮음,
234,체험학습 절차와 관련해 학부모 입장에서 궁금한 부분이 남아 있습니다. 담당 부서에서 확인 후 답변해 주시면 감사하겠습니다,기타,기타,낮음,
235,식단 안내와 관련해 최근 반복적으로 비슷한 이야기가 들리고 있습니다. 필요한 경우 가정에도 관련 내용을 공유해 주시면 좋겠습니다,급식,급식,보통,
236,온라인 과제와 관련해 학생이 내용을 충분히 이해하기 어려웠다고 이야기했습니다. 가정에서도 확인할 수 있는 기준을 공유해 주시면 좋겠습니다,수업/학습 문제,수업/학습 문제,보통,
237,"학교에서 일괄 구매한 한문 부교재의 질이 너무 떨어집니다. 인쇄가 흐릿해서 글자가 잘 보이지 않는 페이지도 많고, 오탈자도 심심치 않게 발견됩니다. 아이들이 공부하는 책인데 검수도 제대로 안 된 교재를 선정한 이유를 모르겠습니다. 다음 학기 부교재 선정 시에는 학부모나 교사들의 꼼꼼한 사전 검토를 거쳐 주시길 바랍니다.",수업/학습 문제,수업/학습 문제,높음,
238,학급 안내와 관련해 학생이 자신이 존중받지 못했다고 느낀 부분이 있었습니다. 관련 상황에 대해 학교의 설명을 듣고 싶습니다,교사 태도/행동,교사 태도/행동,보통,
239,가정통신문와 관련해 학부모 입장에서 궁금한 부분이 남아 있습니다. 담당 부서에서 확인 후 답변해 주시면 감사하겠습니다,기타,기타,낮음,
240,쉬는 시간 지도와 관련해 학생이 불안함을 느낀 상황이 있었다고 말했습니다. 재발 방지를 위한 조치와 확인 결과를 알려주시기 바랍니다,생활지도/안전,생활지도/안전,보통,
241,방과후 과정와 관련해 안내된 절차에 대해 추가 설명이 필요합니다. 가정에서도 확인할 수 있도록 추가 공지를 부탁드립니다,기타,기타,낮음,
242,교실 뒤편 사물함 모서리가 날카롭게 파손되어 있어 아이가 지나가다 부딪힐 뻔했다고 합니다. 시설물 파손 부분에 대한 빠른 보수가 시급해 보입니다. 작은 부분이라도 자칫 안전사고로 이어질 수 있으니 점검 부탁드립니다. 학기 초에 전체 시설에 대한 점검을 한 번 해주시면 좋겠습니다.,생활지도/안전,생활지도/안전,높음,
243,반찬 구성와 관련해 최근 반복적으로 비슷한 이야기가 들리고 있습니다. 필요한 경우 가정에도 관련 내용을 공유해 주시면 좋겠습니다,급식,급식,보통,
244,"이번 수준별 이동수업 배정 결과에 대해 불만이 있습니다. 저희 아이는 지난번 시험에서 충분히 심화반에 들어갈 성적을 받았음에도 기초반으로 배정되었습니다. 반 편성 기준이 오직 지난 기말고사 성적순인지, 아니면 다른 평가 요소가 개입된 것인지 명확한 해명을 요구합니다. 기준이 명확하지 않다면 학부모들의 불신만 커질 것입니다.",수업/학습 문제,수업/학습 문제,보통,
245,친구 관계와 관련해 비슷한 상황이 반복될까 우려됩니다. 관련 상황을 확인하고 필요한 생활지도를 부탁드립니다,생활지도/안전,생활지도/안전,보통,
246,창문 안전와 관련해 점검이 필요한 상태로 보여 걱정됩니다. 불편이 계속되지 않도록 관리 계획을 검토해 주시기 바랍니다,시설/환경,시설/환경,높음,
247,식단 안내와 관련해 제공 방식에 대해 궁금한 부분이 있습니다. 재발 방지를 위한 관리 방안을 검토해 주시기 바랍니다,급식,급식,낮음,
248,운동장 이용와 관련해 지도 공백이 생기지 않도록 확인이 필요합니다. 관련 상황을 확인하고 필요한 생활지도를 부탁드립니다,생활지도/안전,생활지도/안전,보통,
249,학부모 총회 일정이 매번 평일 오전으로만 잡혀 있어 맞벌이를 하는 가정은 참석하기가 매우 어렵습니다. 다양한 가정 환경을 고려한 일정 운영이 필요해 보입니다. 저녁 시간대나 온라인 참여 방식도 함께 검토해 주실 수 있을까요. 더 많은 학부모가 참여할 수 있는 방안을 부탁드립니다.,기타,기타,낮음,
250,수업 진도와 관련해 수업 후 복습 과정에서 기준을 확인하기 어려웠습니다. 가정에서도 확인할 수 있는 기준을 공유해 주시면 좋겠습니다,수업/학습 문제,수업/학습 문제,보통,
251,책걸상 상태와 관련해 학생들이 이용하기에 불편함이 있다는 이야기를 들었습니다. 불편이 계속되지 않도록 관리 계획을 검토해 주시기 바랍니다,시설/환경,시설/환경,보통,
252,피드백 방식와 관련해 상황을 정확히 확인하고 싶은 부분이 있습니다. 관련 상황에 대해 학교의 설명을 듣고 싶습니다,교사 태도/행동,교사 태도/행동,보통,
253,화장실 청결와 관련해 점검이 필요한 상태로 보여 걱정됩니다. 불편이 계속되지 않도록 관리 계획을 검토해 주시기 바랍니다,시설/환경,시설/환경,보통,
254,역사 수업이 지나치게 연도와 사건 이름 암기 위주로 진행되어 아이가 역사를 너무 지루한 과목으로 인식하고 있습니다. 흐름을 이해하고 역사적 인물의 입장에서 생각해 보는 토론식 수업이나 시청각 자료를 활용한 수업이 더 늘어났으면 좋겠습니다. 아이들이 우리 역사에 흥미를 가질 수 있도록 수업 방식을 조금 개선해 주세요.,수업/학습 문제,수업/학습 문제,보통,
255,아이들 등하굣길 통학로에 설치된 노란색 안전 펜스가 군데군데 찌그러지고 파손된 채 날카로운 철사가 삐져나와 있어 지나가는 아이들 옷이 걸리거나 살이 베일 위험이 큽니다. 어린이 보호구역 내의 시설물은 안전이 최우선입니다. 지자체와 협의하시어 파손된 안전 펜스를 즉각 보수하고 튼튼하고 안전한 재질로 전면 교체해 주시기를 강력히 요구하는 바입니다.,시설/환경,시설/환경,높음,
256,운동장 시설와 관련해 안전과 위생 측면에서 확인이 필요합니다. 학생들이 안전하게 이용할 수 있도록 확인해 주시기 바랍니다,시설/환경,시설/환경,높음,
257,과제 안내와 관련해 수업 후 복습 과정에서 기준을 확인하기 어려웠습니다. 가정에서도 확인할 수 있는 기준을 공유해 주시면 좋겠습니다,수업/학습 문제,수업/학습 문제,보통,
258,"지난주 학부모 총회 때 담임 선생님의 고압적이고 일방적인 진행 방식에 많은 학부모들이 불쾌감을 느꼈습니다. 학부모들의 질문을 자르거나, '어머니들은 잘 모르시겠지만'이라는 무시하는 듯한 화법은 정말 실망스러웠습니다. 학부모를 교육의 파트너로 존중해 주시고, 앞으로의 간담회나 회의에서는 상호 존중하는 태도를 보여주시기를 건의합니다.",교사 태도/행동,교사 태도/행동,보통,
259,운동장 이용와 관련해 학생이 불안함을 느낀 상황이 있었다고 말했습니다. 재발 방지를 위한 조치와 확인 결과를 알려주시기 바랍니다,생활지도/안전,생활지도/안전,보통,
260,수업 진도와 관련해 공지된 내용과 실제 진행 방식이 달라 혼란이 있었습니다. 가정에서도 확인할 수 있는 기준을 공유해 주시면 좋겠습니다,수업/학습 문제,수업/학습 문제,보통,
261,수업 중 발언와 관련해 안내 과정에서 오해가 생길 수 있는 표현이 있었다고 생각합니다. 학생이 안정적으로 생활할 수 있도록 지도 방식을 검토해 주시기 바랍니다,교사 태도/행동,교사 태도/행동,보통,
262,"도덕 시간에 숙제를 안 해온 아이들을 교단 앞으로 불러 세운 뒤, 다른 친구들에게 '이런 게으른 애들은 커서 뭐가 될까?'라며 조롱 섞인 비난을 하셨다고 들었습니다. 과제 미제출에 대한 합당한 벌을 주실 수는 있으나, 인격을 모독하고 급우들 앞에서 공개적으로 수치심을 주는 행위는 교육 폭력이나 다름없습니다. 정중한 사과를 요구합니다.",교사 태도/행동,교사 태도/행동,높음,
263,통학로 상황와 관련해 지도 공백이 생기지 않도록 확인이 필요합니다. 학생 안전을 위해 지도 계획을 점검해 주시기 바랍니다,생활지도/안전,생활지도/안전,높음,
264,과제 안내와 관련해 공지된 내용과 실제 진행 방식이 달라 혼란이 있었습니다. 가정에서도 확인할 수 있는 기준을 공유해 주시면 좋겠습니다,수업/학습 문제,수업/학습 문제,보통,
265,생활 지도와 관련해 가정에서 듣기에 표현의 의도가 충분히 전달되지 않은 것 같습니다. 사실관계를 확인한 뒤 필요한 안내를 부탁드립니다,교사 태도/행동,교사 태도/행동,보통,
266,급식 온도와 관련해 여러 학생에게 영향을 줄 수 있는 사안으로 보입니다. 급식 운영 기준과 확인 결과를 안내해 주시기 바랍니다,급식,급식,낮음,
267,상담 일정와 관련해 일정과 준비 사항을 다시 확인하고 싶습니다. 담당 부서에서 확인 후 답변해 주시면 감사하겠습니다,기타,기타,낮음,
268,운동장 시설와 관련해 여러 학생이 함께 사용하는 공간이라 관리가 필요합니다. 학생들이 안전하게 이용할 수 있도록 확인해 주시기 바랍니다,시설/환경,시설/환경,높음,
269,행정 안내와 관련해 가정에서 확인해야 할 내용이 명확하지 않았습니다. 가정에서도 확인할 수 있도록 추가 공지를 부탁드립니다,기타,기타,낮음,
270,학교 앞 문구점 근처에서 상급생들이 하급생에게 돈을 요구하는 모습을 봤다는 다른 학부모의 제보를 전해 들었습니다. 직접 목격한 것은 아니지만 걱정이 되어 이렇게 말씀드립니다. 등하굣길 주변 지도를 강화해 주시기 바랍니다. 학교폭력 예방 차원에서 정확한 확인을 부탁드립니다.,생활지도/안전,생활지도/안전,높음,
271,학급 안내와 관련해 학생의 입장에서 설명이 조금 더 필요해 보였습니다. 사실관계를 확인한 뒤 필요한 안내를 부탁드립니다,교사 태도/행동,교사 태도/행동,보통,
272,학생 응대와 관련해 가정에서 듣기에 표현의 의도가 충분히 전달되지 않은 것 같습니다. 향후 소통 과정에서 학생이 위축되지 않도록 살펴봐 주시기 바랍니다,교사 태도/행동,교사 태도/행동,보통,
273,식단 안내와 관련해 학생이 식사 과정에서 불편함을 느꼈다고 말했습니다. 학생들이 안심하고 식사할 수 있도록 점검을 부탁드립니다,급식,급식,보통,
274,식단 안내와 관련해 제공 방식에 대해 궁금한 부분이 있습니다. 급식 운영 기준과 확인 결과를 안내해 주시기 바랍니다,급식,급식,낮음,
275,행정 안내와 관련해 안내된 절차에 대해 추가 설명이 필요합니다. 혼란이 없도록 안내 내용을 보완해 주시기 바랍니다,기타,기타,낮음,
276,음식 위생와 관련해 학생이 식사 과정에서 불편함을 느꼈다고 말했습니다. 학생들이 안심하고 식사할 수 있도록 점검을 부탁드립니다,급식,급식,보통,
277,식단 안내와 관련해 가정에서 확인하기에 안내가 조금 더 필요해 보입니다. 급식 운영 기준과 확인 결과를 안내해 주시기 바랍니다,급식,급식,낮음,
278,생활 지도와 관련해 안내 과정에서 오해가 생길 수 있는 표현이 있었다고 생각합니다. 관련 상황에 대해 학교의 설명을 듣고 싶습니다,교사 태도/행동,교사 태도/행동,보통,
279,수업 진도와 관련해 가정에서 확인하기에 안내 내용이 다소 부족했습니다. 향후 같은 혼란이 없도록 안내 방식을 점검해 주시기 바랍니다,수업/학습 문제,수업/학습 문제,보통,
280,교내 이동와 관련해 비슷한 상황이 반복될까 우려됩니다. 관련 상황을 확인하고 필요한 생활지도를 부탁드립니다,생활지도/안전,생활지도/안전,보통,
281,학교 게시판에 부착된 각종 안내문이 오래되어 떨어지거나 색이 바래서 알아보기 힘든 것들이 점점 많아지고 있습니다. 정기적인 게시물 관리가 필요해 보입니다. 최신 정보로 교체하고 꾸준히 관리해 주시기 바랍니다. 작은 부분이지만 학교의 관리 수준을 보여주는 부분인 것 같습니다.,기타,기타,낮음,
282,"도덕 시간에 진행된 찬반 토론에서 소수 의견을 낸 아이들에게 선생님께서 면박을 주셨다는 이야기를 들었습니다. 토론 수업은 다양한 의견을 수용하고 논리적으로 설득하는 과정이어야 하는데, 정답이 정해져 있는 것처럼 유도하시는 것은 부적절하다고 봅니다. 자유롭게 발언할 수 있는 수업 분위기를 조성해 주시기를 간곡히 부탁드립니다.",수업/학습 문제,수업/학습 문제,보통,
283,식단 안내와 관련해 학생이 식사 과정에서 불편함을 느꼈다고 말했습니다. 필요한 경우 가정에도 관련 내용을 공유해 주시면 좋겠습니다,급식,급식,보통,
284,가정통신문와 관련해 학교 운영 방식에 대해 문의드릴 부분이 있습니다. 관련 기준과 절차를 안내해 주시기 바랍니다,기타,기타,낮음,
285,우유 제공와 관련해 제공 방식에 대해 궁금한 부분이 있습니다. 학생들이 안심하고 식사할 수 있도록 점검을 부탁드립니다,급식,급식,보통,
286,체험학습 절차와 관련해 일정과 준비 사항을 다시 확인하고 싶습니다. 담당 부서에서 확인 후 답변해 주시면 감사하겠습니다,기타,기타,낮음,
287,화장실 청결와 관련해 안전과 위생 측면에서 확인이 필요합니다. 학생들이 안전하게 이용할 수 있도록 확인해 주시기 바랍니다,시설/환경,시설/환경,높음,
288,저희 아이 반 교탁과 아이들 책걸상이 너무 낡아서 모서리 시트지가 다 벗겨져 있습니다. 튀어나온 합판 가시에 아이들이 긁혀서 옷이 찢어지고 살갗이 벗겨지는 상처를 자주 입고 옵니다. 게다가 의자 다리 길이는 맞지도 않아 덜그럭거린다고 하네요. 아이들 체형과 안전에 맞는 새 책걸상으로 전면 교체해 주시기를 학부모 대표로서 강력히 건의합니다.,시설/환경,시설/환경,높음,
289,최근 급식에 햄이나 소시지 같은 가공식품이 너무 자주 나오는 것 같습니다. 첨가물이 많이 들어간 음식보다는 자연 식재료 위주의 식단이 아이 건강에 더 좋을 것 같아 말씀드립니다. 식단을 구성하실 때 영양 균형을 한 번 더 고려해 주시면 감사하겠습니다. 학부모들의 의견도 함께 반영해 주시면 좋겠습니다.,급식,급식,높음,
290,지도 표현와 관련해 상황을 정확히 확인하고 싶은 부분이 있습니다. 관련 상황에 대해 학교의 설명을 듣고 싶습니다,교사 태도/행동,교사 태도/행동,보통,
291,피드백 방식와 관련해 학생이 상황을 부담스럽게 받아들였다고 말했습니다. 학생이 안정적으로 생활할 수 있도록 지도 방식을 검토해 주시기 바랍니다,교사 태도/행동,교사 태도/행동,보통,
292,통학로 상황와 관련해 학생이 불안함을 느낀 상황이 있었다고 말했습니다. 가정에서도 함께 지도할 수 있도록 안내를 요청드립니다,생활지도/안전,생활지도/안전,낮음,
293,"미술실 세면대 4개 중 3개가 꽉 막혀 물이 전혀 내려가지 않고 있습니다. 물감 묻은 붓과 팔레트를 씻으려다 땟물이 역류하여 아이들 교복 소매가 다 버렸습니다. 찰흙이나 물감 찌꺼기 때문에 배관이 막힌 것 같은데, 뚫어뻥 같은 임시방편 말고 전문 업체를 불러 하수관을 시원하게 뚫어주십시오. 아이들이 쾌적하게 뒷정리를 할 수 있게 도와주세요.",시설/환경,시설/환경,보통,
294,가정통신문와 관련해 학교 운영 방식에 대해 문의드릴 부분이 있습니다. 담당 부서에서 확인 후 답변해 주시면 감사하겠습니다,기타,기타,낮음,
295,보충 학습와 관련해 공지된 내용과 실제 진행 방식이 달라 혼란이 있었습니다. 관련 내용을 다시 안내해 주시기 바랍니다,수업/학습 문제,수업/학습 문제,보통,
296,반찬 구성와 관련해 가정에서 확인하기에 안내가 조금 더 필요해 보입니다. 급식 운영 기준과 확인 결과를 안내해 주시기 바랍니다,급식,급식,낮음,
297,"가정환경 조사서에 부모 직업을 적어 낸 이후부터, 담임 선생님께서 아이를 대하는 태도가 눈에 띄게 달라지셨다고 합니다. 전문직 학부모 자녀에게는 친절하게 대하면서, 그렇지 않은 아이들에게는 함부로 대한다는 소문이 파다합니다. 교사가 학생의 가정 형편이나 부모 직업에 따라 선입견을 품고 차별하는 일은 절대 있어서는 안 될 것입니다.",교사 태도/행동,교사 태도/행동,보통,
298,화장실 청결와 관련해 수업과 학교생활에 지장이 있을 수 있어 보입니다. 조치 예정 시점을 안내해 주시면 감사하겠습니다,시설/환경,시설/환경,보통,
299,상담 일정와 관련해 학부모 입장에서 궁금한 부분이 남아 있습니다. 관련 기준과 절차를 안내해 주시기 바랍니다,기타,기타,낮음,
300,"3학년 1반 교실 창가 쪽 형광등 2개가 며칠째 계속 깜빡거리고 빛이 파르르 떨리는데도 수리가 안 되고 있습니다. 깜빡거리는 불빛 아래서 책을 보면 눈이 금방 시려 시력이 나빠질 뿐만 아니라, 집중력도 크게 떨어집니다. 행정실에 형광등 교체 신청을 여러 번 했다고 하던데 처리가 너무 늦네요. 내일 아침 아이들 등교 전까지 반드시 새 램프로 교체해 주시길 바랍니다.",시설/환경,시설/환경,낮음,
