text,category,urgency,source,original_urgency
교실 에어컨 가동 기준이 너무 엄격하여 여름철 실내 온도가 28도에 육박하는데도 행정실에서 중앙제어로 꺼버려 아이들이 만성 피로와 두통 속에 수업 이해 부족을 겪습니다,시설/환경,보통,external_prompt_round2,보통
남학생 화장실의 소변기 칸막이가 설치되어 있지 않아 학생들이 프라이버시 침해를 느끼고 수치심 때문에 화장실 이용을 기피하며 참는 고통을 방치 속에 겪고 있습니다,시설/환경,보통,external_prompt_round2,보통
학교 운동장의 스탠드가 낙후되어 시멘트가 깨지고 철근이 튀어나와 있어 학생들이 체육 시간이나 쉬는 시간에 앉아 놀다가 옷이 찢어지거나 다치는 낙상 위험이 상존합니다,시설/환경,높음,external_prompt_round2,낮음
"교실 내 형광등 중 여러 개가 수주일째 깜빡거리고 있으나 행정실의 시설 보수 지연으로 인해 학생들이 시력 저하와 집중력 저하, 눈의 피로를 가득 호소하고 있습니다",시설/환경,보통,external_prompt_round2,낮음
학교 도서관의 책상과 의자가 너무 낡아 삐걱거리는 소음이 심각하여 공부하려는 학생들이 집중력 저하와 스트레스를 겪고 있으나 가구 교체는 소통 부족으로 미뤄집니다,시설/환경,보통,external_prompt_round2,낮음
미세먼지가 심한 날 교실 내 공기청정기 필터 교체가 제때 이루어지지 않아 기계를 틀어도 퀴퀴한 냄새가 나며 아이들이 기침과 목 통증 등 열악한 대기 환경에 노출됩니다,시설/환경,보통,external_prompt_round2,보통
학교 음악실의 방음 시설이 부실하여 옆 교실에서 진행되는 일반 수업에 악기 소리가 그대로 흘러 들어와 교사와 학생 모두 수업 진도와 진학 지도에 방해를 받습니다,시설/환경,보통,external_prompt_round2,낮음
겨울철 교실 난방 온도가 너무 낮게 설정되어 실내에서도 패딩을 입고 수업을 들어야 할 정도로 열악한 환경이며 이로 인해 아이들이 단체로 감기에 걸려 방치되고 있습니다,시설/환경,보통,external_prompt_round2,보통
체육관 바닥의 왁스 칠이 오래되어 먼지가 가득 날리고 미끄러워 학생들이 체육 활동 중 미끄러져 발목을 삐는 등 낙상 안전사고 위험이 높은 상태로 방치되어 있습니다,시설/환경,높음,external_prompt_round2,보통
"과학실의 환기 시설(후드)이 고장 난 상태로 방치되어 화학 약품 실험 수업 시 유독 가스가 교실 내부로 퍼져 학생들이 메스꺼움과 정서적 공포, 불안을 토로합니다",시설/환경,보통,external_prompt_round2,보통
학교 건물 뒤편의 보도블록이 군데군데 가라앉고 깨져 있어 학생들이 하교 시 발을 헛디뎌 넘어질 뻔한 아찔한 순간들이 빈번함에도 경고판 부족 상태가 지속됩니다,시설/환경,보통,external_prompt_round2,낮음
교실 창문의 방충망이 찢어진 채 방치되어 여름철 수업 시간에 모기와 나방 등 해충들이 무분별하게 침입하여 아이들이 가려움증과 집중력 저하를 호소하며,시설/환경,낮음,external_prompt_round2,낮음
장애 학생들을 위한 교내 경사로나 엘리베이터 접근로가 화물이나 쓰레기 수거함으로 막혀 있어 이동권 침해와 환경 오염 위험이 가득함에도 교사들은 이를 방관합니다,시설/환경,높음,external_prompt_round2,보통
컴퓨터실의 의자 높낮이 조절 장치가 대부분 고장 나 체형에 맞지 않는 자세로 수업을 듣느라 아이들이 척추 통증과 만성 피로를 호소하며 시설 개선을 원합니다,시설/환경,보통,external_prompt_round2,낮음
학교 옥외 가로등 시설의 절반이 꺼져 있어 방과 후 야간 자율학습을 마치고 귀가하는 학생들이 어두컴컴한 사각지대에서 범죄 및 낙상 위험에 노출되어 무서워합니다,시설/환경,높음,external_prompt_round2,보통
남녀공학 학교임에도 불구하고 층별로 여학생 화장실 수가 너무 부족하여 쉬는 시간마다 긴 줄을 서느라 다음 수업 시간에 지각을 하거나 방치되는 상황이 속출합니다,시설/환경,보통,external_prompt_round2,낮음
교실 문손잡이가 헐거워져 수시로 빠지거나 안에서 잠겨 학생들이 갇히는 아찔한 안전사고 위험이 발생했음에도 임시방편 조치만 한 채 문 보수를 미루고 있습니다,시설/환경,높음,external_prompt_round2,보통
급식실 식당의 테이블과 의자 간격이 너무 좁아 학생들이 식판을 들고 이동할 때 뒷사람과 부딪혀 음식을 쏟거나 화상을 입을 위험 환경이 상존하고 있습니다,시설/환경,높음,external_prompt_round2,낮음
학교 탈의실 내부 벽면에 곰팡이가 가득 피어 있어 퀴퀴한 냄새와 위생 안전사고 위험이 심각함에도 예산 부족이라는 이유로 도배 시설 보수를 방치하고 있습니다,시설/환경,높음,external_prompt_round2,보통
교실 내 사물함이 너무 낡아 문이 제대로 닫히지 않거나 날카로운 모서리가 드러나 있어 학생들이 지나가다 긁혀 상처를 입는 환경인데도 교체 안내가 부족합니다,시설/환경,낮음,external_prompt_round2,낮음
미술실의 세면대 배수관이 막혀 물이 역류하고 악취가 진동하는데도 수주일째 방치되어 학생들이 붓을 빨거나 손을 씻을 수 없는 열악한 위생 환경에 놓여 있습니다,시설/환경,보통,external_prompt_round2,낮음
학교 건물 외벽의 타일 일부가 균열이 생겨 떨어져 나가는 끔찍한 붕괴 위험이 보임에도 출입 통제선 시설이나 안전 펜스 설치 없이 학생들의 통행을 방치하고 있습니다,시설/환경,높음,external_prompt_round2,보통
학급 교실의 블라인드가 고장 나 서향 빛이 그대로 들어오는 오후 시간에 학생들이 눈부심과 모니터 반사로 인해 교실 수업 화면이 안 보여 수업 이해 부족을 겪습니다,시설/환경,보통,external_prompt_round2,낮음
수영장 시설이 있는 학교임에도 수질 관리가 부실하여 소독약 냄새가 너무 심하고 아이들이 수업 후 피부 발진과 안구 건조증 등 신체 건강 위험을 호소합니다,시설/환경,높음,external_prompt_round2,보통
학교 매점 주변에 쓰레기통 시설 분리수거함이 부족하여 학생들이 버린 플라스틱과 음식물 쓰레기가 방치되어 벌레가 꼬이고 악취가 진동하는 환경 오염이 심각합니다,시설/환경,보통,external_prompt_round2,낮음
영어 교과 교실의 난방 배관에서 물이 새어 바닥이 흥건함에도 양동이 하나만 받쳐놓은 채 수업을 진행하여 학생들이 미끄러질 뻔한 안전사고 위험이 가득합니다,시설/환경,높음,external_prompt_round2,보통
교내 분수대 시설이 가동되지 않고 고인 물이 썩어가면서 모기 유충의 서식지가 되어 학교 전체에 모기가 창궐하는데도 배수 조치 없이 방치하고 있어 화가 납니다,시설/환경,보통,external_prompt_round2,낮음
가정실 실습용 가스레인지 노즐이 노후화되어 가스 냄새가 미세하게 새어 나오는데도 시설 점검 없이 수업을 강행하여 화재 및 가스 중독 위험에 아이들이 노출됩니다,시설/환경,높음,external_prompt_round2,보통
학교 운동장 주변 배수구가 낙엽과 쓰레기로 막혀 있어 집중호우 시 운동장이 거대한 저수지처럼 침수되어 학생들의 등하교 통학로 안전이 완전히 무너집니다,시설/환경,높음,external_prompt_round2,보통
교실 내 벽면 페인트가 노후화되어 가루처럼 흩날리며 아이들의 책상과 옷에 쌓이고 호흡기 질환 건강 위험을 유발하는데도 환경 정비 조치가 없어 실망스럽습니다,시설/환경,높음,external_prompt_round2,낮음
"방송실 장비 오작동으로 인해 아침 조례 방송 시 귀가 찢어질 듯한 하울링 소음이 상습적으로 발생하여 학생들이 귀 통증과 정서적 걱정, 불안을 겪고 있습니다",시설/환경,보통,external_prompt_round2,낮음
학교 정문 진입로의 아스팔트가 파여 있어 비가 오는 날 주행하는 차량이 물을 튀겨 학생들이 옷을 버리거나 등굣길 교통 안전사고 위험을 마주하고 있습니다,시설/환경,높음,external_prompt_round2,낮음
체육관 무대 장치 조명이 너무 뜨겁고 와이어 고정이 부실하여 낙하 붕괴 위험이 가득한데도 학교 축제 행사를 강행하려 하니 안전 불감증에 분노가 치밀어 오릅니다,시설/환경,높음,external_prompt_round2,보통
학생용 책걸상의 상판이 파이고 가시가 돋아나 있어 학생들이 필기를 할 때 종이가 찢어지거나 손에 가시가 박히는 등 교실 수업 환경이 너무 열악하여 슬픕니다,시설/환경,보통,external_prompt_round2,낮음
보건실의 침대 침구류가 제때 세탁되지 않아 얼룩이 가득하고 불결하여 아픈 아이가 안정을 취하러 갔다가 오히려 피부병을 얻어올까 봐 걱정이 가득한 상태입니다,시설/환경,보통,external_prompt_round2,보통
학교 후문 진입로 통학로 계단에 안전 난간(핸드레일)이 설치되어 있지 않아 경사가 가파른 길을 비나 눈이 올 때 아이들이 넘어질 위험 속에 위태롭게 걸어 다닙니다,시설/환경,높음,external_prompt_round2,보통
시청각실의 접이식 의자 스프링이 고장 나 앉을 때마다 쾅 하는 소음과 함께 아래로 가라앉아 학생들이 척추 충격과 수업 집중력 저하를 호소하고 있습니다,시설/환경,보통,external_prompt_round2,낮음
교내 탈의실 공간에 거울이나 옷걸이 시설이 전혀 구비되어 있지 않아 학생들이 가방을 바닥에 던져두고 좁은 공간에서 엉켜 옷을 갈아입는 불편을 겪습니다,시설/환경,보통,external_prompt_round2,낮음
학교 옥상 방수 시설 누수로 인해 4층 교실 천장에서 비가 오는 날마다 물이 떨어져 교실 구석에 빗물받이 통을 두고 수업을 듣는 원시적인 환경이 방치됩니다,시설/환경,보통,external_prompt_round2,보통
"기숙사 샤워실의 온수 공급 시스템이 불안정하여 샤워 도중 갑자기 찬물이 나와 아이들이 심장 마비 놀람과 정서적 공포, 감기 건강 위험을 단체로 겪고 있습니다",시설/환경,높음,external_prompt_round2,보통
학급 교실의 뒷문 힌지가 고장 나 문을 닫을 때마다 거대한 굉음이 발생하여 학생들의 정서적 안정을 해치고 조용히 공부하려는 분위기를 방해하고 있습니다,시설/환경,보통,external_prompt_round2,낮음
학교 야외 쉼터 벤치가 나무 재질인데 썩고 갈라져 파편이 튀어 학생들이 앉아 쉬다가 다칠 자상 위험이 높으나 교체나 도색 생활지도 조치 없이 방치됩니다,시설/환경,높음,external_prompt_round2,낮음
매점 내부 조리 시설 주변의 후드 가 기름때로 찌들어 있어 화재 발생 시 대형 화재 안전사고 위험으로 번질 우려가 가득함에도 위생 점검 시설 관리가 부실합니다,시설/환경,높음,external_prompt_round2,보통
컴퓨터실 인터넷 회선 속도가 너무 느려 실습 파일을 다운로드하는 데 수십 분이 소요되어 교육과정 진도 문제를 유발하는 열악한 IT 인프라 환경입니다,시설/환경,보통,external_prompt_round2,낮음
교실 내 시계가 배터리가 방전되어 며칠째 멈춰 있으나 교체해 주지 않아 학생들이 지필고사 모의훈련을 할 때 시간 관리 연습 부족 불이익을 겪고 있습니다,시설/환경,보통,external_prompt_round2,낮음
학교 급수대 정수기 필터 교환 주기가 지났음에도 안내 부족 상태로 방치되어 물에서 쇠 냄새가 나 아이들이 위생 안전에 대한 걱정과 불안으로 물을 못 마십니다,시설/환경,높음,external_prompt_round2,보통
체육관 창문 손잡이가 너무 높은 곳에 위치해 있으나 개폐용 장대가 없어 환기가 전혀 되지 않아 실내 체육 수업 시 먼지 구덩이 환경에서 아이들이 뜁니다,시설/환경,보통,external_prompt_round2,낮음
학교 주변 담장이 노후화되어 균열이 가고 한쪽으로 기울어져 있어 하교 시간 학생들이 지나갈 때 무너질 대형 붕괴 위험이 도사리는데도 안전진단이 없습니다,시설/환경,높음,external_prompt_round2,보통
교실 내 스피커 음질이 찢어지는 소리가 나서 영어 듣기 평가 연습을 할 때 발음이 왜곡되어 들려 학생들이 시험 준비 부족과 수업 이해 부족을 호소합니다,시설/환경,보통,external_prompt_round2,낮음
기숙사 방마다 방음이 전혀 되지 않아 옆방의 숨소리까지 들릴 정도여서 학생들이 야간 자율학습 후 휴식을 취할 때 사생활 침해와 극심한 수면 부족 스트레스를 겪습니다,시설/환경,보통,external_prompt_round2,보통
수업 시간 동안 교사 혼자서 교재 내용을 그대로 읽기만 하는 주입식 수업이 반복되어 학생들이 수업 이해 부족을 겪고 있으며 과제 부담만 가중되고 있습니다. 아이는 수업이 너무 지루해서 학습 의욕이 크게 떨어졌다고 말합니다,수업/학습 문제,보통,external_prompt_round2,낮음
선택과목 분반 수업에서 특정 반만 진도가 너무 빠르게 나가거나 반대로 너무 늦어져 학급 간 진도 불일치 문제가 심각합니다. 정기고사 시험 범위를 맞추기 급급해 막판에 날림 수업을 하니 아이가 걱정과 불안을 호소합니다,수업/학습 문제,보통,external_prompt_round2,보통
수행평가 채점 기준이 사전에 명확하게 공지되지 않아 학생들이 과제를 준비할 때 큰 혼란을 겪고 있습니다. 안내 부족으로 인해 감점을 당한 아이는 억울함에 눈물을 흘렸고 학부모 입장에서도 납득하기 어렵습니다,수업/학습 문제,보통,external_prompt_round2,보통
영어 회화 수업이 원어민 교사의 일방적인 토크쇼처럼 진행되어 기초가 부족한 학생들은 전혀 알아듣지 못하고 방치되고 있습니다. 소통 부족으로 인해 아이는 영어 시간에 소외감을 느끼고 가슴이 답답하다고 합니다,수업/학습 문제,보통,external_prompt_round2,보통
수학 보충수업이 상위권 학생들의 진도에만 맞춰 진행되다 보니 중하위권 아이들은 수업 이해 부족으로 학습을 포기하는 상황이 발생하고 있습니다. 아이는 자신이 무능하게 느껴진다며 만성 피로와 스트레스를 호소합니다,수업/학습 문제,보통,external_prompt_round2,낮음
조별 과제(프로젝트 수업) 비중이 지나치게 높아 일부 무임승차 학생들 때문에 성실한 학생들이 독박 과제 부담을 떠안고 있습니다. 이로 인한 학생 간 갈등을 교사가 중재하지 않고 방치하여 아이가 큰 정서적 스트레스를 받습니다,수업/학습 문제,보통,external_prompt_round2,보통
음악 실기 수업에서 악기 연주법을 제대로 가르쳐주지 않고 무조건 연습해 오라고만 하여 가정에서 사교육을 받아야 하는 대필 및 추가 비용 부담이 발생하고 있습니다. 학교 수업의 질에 매우 실망스럽습니다,수업/학습 문제,보통,external_prompt_round2,낮음
온라인 학습 플랫폼을 활용한 과제 제출 시스템이 자주 먹통이 되는데도 교사는 무조건 학생의 부주의로 치부하며 미제출 처리를 하여 아이가 극심한 걱정과 불안 속에서 눈물을 쏟았습니다,수업/학습 문제,보통,external_prompt_round2,보통
과학 실험 수업이 기자재 부족을 이유로 매번 교사의 시연 동영상 시청으로 대체되어 학생들이 실습 기회를 박탈당하고 있습니다. 보여주기식 수업에 아이는 학습 의욕이 크게 떨어졌다고 토로합니다,수업/학습 문제,보통,external_prompt_round2,낮음
질문이 자유로운 분위기라고 홍보해 놓고 정작 수업 시간에 질문을 하면 진도를 나가야 한다며 면박을 주는 교사의 고압적인 응대 태도 때문에 아이가 수치심을 느끼고 질문하기를 무서워하게 되었습니다,수업/학습 문제,보통,external_prompt_round2,보통
한문이나 기술가정 등 부교과 수업에서 매시간 자습만 주고 교사는 개인 업무를 보는 일이 반복되어 교육과정이 파행 운영되고 있습니다. 학생들의 학습권이 철저히 방치되는 상황에 분노가 치밀어 오릅니다,수업/학습 문제,보통,external_prompt_round2,보통
학기말 지필고사가 끝난 후 방학 전까지 수 주 동안 아무런 학습 프로그램 없이 하루 종일 영화만 틀어주며 시간을 때우고 있어 학교가 보육 시설로 전락했다는 실망감이 큽니다,수업/학습 문제,보통,external_prompt_round2,낮음
진로 진학 상담이 형식적인 적성검사 결과지 배부로만 끝나고 학생 개인의 성향이나 내신 성적에 맞는 구체적인 가이드라인 안내 부족 상태가 지속되어 학부모 입장에서 답답합니다,수업/학습 문제,보통,external_prompt_round2,보통
국어 수업 중 교사의 발음이 너무 흐릿하고 목소리가 작아 뒷자리에 앉은 학생들은 수업 내용을 전혀 들을 수 없는 환경이 방치되고 있습니다. 아이는 수업 이해 부족으로 학업 스트레스를 겪고 있습니다,수업/학습 문제,보통,external_prompt_round2,낮음
수행평가 결과에 대한 피드백이 전혀 이루어지지 않아 학생들이 왜 감점을 당했는지 알 수 없어 소통 부족을 겪고 있습니다. 다음 과제를 보완할 기준이 없어 아이가 가슴 답답해합니다,수업/학습 문제,보통,external_prompt_round2,보통
체육 이론 수업을 교실에서 진행할 때 단순히 교과서 받아쓰기만 시키는 등 교수 학습 방법이 너무 낙후되어 학생들의 수업 참여도와 학습 의욕이 저하되고 있습니다,수업/학습 문제,보통,external_prompt_round2,낮음
사회 수행평가로 지나치게 방대한 분량의 보고서 작성을 요구하여 고등학생 수준을 넘어선 과제 부담을 주고 있습니다. 밤새 자료를 찾느라 아이가 만성 피로에 시달리고 있습니다,수업/학습 문제,보통,external_prompt_round2,보통
역사 수업에서 특정 정치적 견해나 편향된 시각을 학생들에게 주입하려는 교사의 독선적인 태도 때문에 아이가 교실에서 심리적 불편함과 정서적 학대 느낌을 받고 있습니다,수업/학습 문제,보통,external_prompt_round2,보통
미술 수업 시간마다 비싼 준비물을 갑자기 내일 당장 가져오라고 공지하여 워킹맘인 학부모에게 극심한 양육 일상 부담과 스트레스를 유발하고 있습니다. 안내 부족 시스템이 원망스럽습니다,수업/학습 문제,보통,external_prompt_round2,보통
컴퓨터실 장비가 너무 노후화되어 코딩 실습 프로그램이 제대로 구동되지 않아 학생들이 실습 시간의 절반을 대기하는 데 허비하고 있습니다. 교육 인프라 부실에 매우 실망스럽습니다,수업/학습 문제,보통,external_prompt_round2,낮음
제2외국어 수업이 원어민 대화 위주가 아닌 단순 문법 암기식으로만 진행되어 실생활 활용도가 전혀 없는 죽은 교육이 반복되고 있습니다. 아이는 흥미를 잃고 학업 의욕 저하를 겪고 있습니다,수업/학습 문제,보통,external_prompt_round2,낮음
정기고사 시험 문제에서 출제 오류가 발생했음에도 학교 측은 소통 부족 창구로 일관하며 복수 정답을 인정하지 않아 성실하게 공부한 아이가 깊은 좌절감과 억울함의 눈물을 흘렸습니다,수업/학습 문제,보통,external_prompt_round2,보통
자율학습 시간에 면학 분위기 조성이 전혀 되지 않고 일부 학생들의 잡담과 소란이 방치되어 조용히 공부하려는 아이가 집중력 저하와 학업 불안을 호소하고 있습니다,수업/학습 문제,보통,external_prompt_round2,보통
"수업 중 멀티미디어 자료(빔프로젝터, 스피커)가 수시로 고장 나 흐름이 끊기는데도 학교는 시설 보수를 미루고 있어 교사와 학생 모두 소통 부족과 수업 진도 지연의 피해를 보고 있습니다",수업/학습 문제,보통,external_prompt_round2,낮음
기초 학력이 부족한 학생들을 위한 별도의 다정다감한 지도나 보충 프로그램이 없어 한 번 진도를 놓친 아이가 교실에서 투명인간처럼 방치되어 학교 가기를 무서워합니다,수업/학습 문제,보통,external_prompt_round2,보통
"교과서 외 부교재를 무분별하게 많이 지정하여 구입 비용 부담은 물론이고, 정작 수업 시간에는 다 다루지도 않아 책 가방 무게만 무겁고 과제 부담만 늘어나는 모순이 발생하고 있습니다",수업/학습 문제,보통,external_prompt_round2,낮음
동아리 활동 시간이 단순 자습 시간으로 변질되어 학생들이 진로 포트폴리오를 쌓을 기회가 박탈되고 있습니다. 안내 부족과 운영 부실에 학부모 입장에서 납득하기 어렵습니다,수업/학습 문제,보통,external_prompt_round2,보통
수업 시간 중 교사가 특정 우수 학생들의 대답만 듣고 진도를 빠르게 넘겨버려 다수의 평범한 아이들은 수업 이해 부족 상태로 소외감을 느끼며 앉아 있는 열악한 환경입니다,수업/학습 문제,보통,external_prompt_round2,보통
학교에서 주관하는 논술 경시대회의 심사 기준이 불명확하고 수상자 명단만 덜렁 공지하여 과정의 투명성이 결여되어 있습니다. 아이는 노력에 대한 배신감을 느끼고 우울해합니다,수업/학습 문제,보통,external_prompt_round2,보통
독서 토론 수업에서 교사가 학생들의 자유로운 의견을 존중하지 않고 자신의 정답만 강요하는 고압적인 응대 태도를 보여 아이가 정서적 상처를 입고 입을 닫아버렸습니다,수업/학습 문제,보통,external_prompt_round2,보통
수학 지필고사 문항 수가 제한 시간에 비해 지나치게 많아 계산 능력이 뛰어난 소수를 제외하고는 문제를 다 읽지도 못하는 사태가 벌어져 학습 의욕 저하를 유발하고 있습니다,수업/학습 문제,보통,external_prompt_round2,보통
방과 후 학교 강좌가 선호도가 낮은 과목 위주로만 개설되어 학생들이 억지로 인원 채우기식으로 수강하게 만들어 시간 낭비와 비용 부담을 초래하고 있습니다,수업/학습 문제,보통,external_prompt_round2,낮음
교과 교실제 수업으로 이동할 때 쉬는 시간 10분이 너무 부족하여 아이들이 헐떡이며 교실에 들어가느라 다음 수업 시작 직후 집중력 저하와 만성 피로를 호소합니다,수업/학습 문제,보통,external_prompt_round2,낮음
"수업 시간에 교사가 개인적인 사담이나 군대 이야기, 주식 이야기 등으로 시간의 절반 이상을 허비하여 정작 중요한 교과 진도는 자습으로 때우는 무책임한 처사가 반복됩니다",수업/학습 문제,보통,external_prompt_round2,보통
지리 수업 중 지도나 시각 자료 없이 칠판 가득 텍스트만 판서하는 판서 위주 수업 때문에 아이가 거부감을 느끼고 학업 진도를 따라가는 데 큰 어려움을 겪고 있습니다,수업/학습 문제,보통,external_prompt_round2,낮음
융합 인재 교육(STEAM) 프로그램이라고 대대적으로 홍보했으나 실제로는 단순 만들기 수준의 유치한 활동에 그쳐 학생들의 기대에 미치지 못하고 시간만 낭비했다는 실망이 큽니다,수업/학습 문제,보통,external_prompt_round2,낮음
수행평가 제출 기한이 여러 과목이 같은 날로 겹치도록 일정이 짜여 있어 학생들이 일주일 내내 밤을 새우며 정서적 학대 수준의 정신적 고통과 과제 부담을 겪고 있습니다,수업/학습 문제,보통,external_prompt_round2,보통
보건 수업이나 안전 교육이 형식적인 유인물 읽기로 대체되어 학생들이 실제 위급 상황 시 대처법을 전혀 배우지 못하는 안내 부족 상태가 지속되고 있어 불안합니다,수업/학습 문제,높음,external_prompt_round2,보통
한 학기 동안 배워야 할 교과서 분량에 비해 수업 시수가 너무 적어 교사가 진도를 번개처럼 나가느라 학생들이 복습할 엄두도 못 내고 수업 이해 부족에 시달립니다,수업/학습 문제,보통,external_prompt_round2,보통
수업 시간 중 스마트 패드를 활용한 학습을 할 때 일부 학생들이 게임을 하거나 유튜브를 보는데도 교사가 이를 제재하지 않고 방치하여 면학 분위기를 흐리고 있습니다,수업/학습 문제,보통,external_prompt_round2,보통
가정가정 실습 수업에서 조별로 재료비를 각자 갹출하게 하여 학생들 간에 미묘한 빈부격차 감정과 소외감을 유발하는 불공정한 운영 방식에 대해 시정을 요구합니다,수업/학습 문제,보통,external_prompt_round2,낮음
지필고사 난이도 조절 실패로 평균 점수가 터무니없이 낮게 나와 학생들이 단체로 학업 포기 심리를 겪고 있으며 교사는 이에 대한 격려 없이 소통 부족으로 일관합니다,수업/학습 문제,보통,external_prompt_round2,보통
원격 수업 녹화본의 화질과 음질이 너무 불량하여 지직거리는 소리 때문에 아이가 두통과 집중력 저하를 호소하며 온라인 강의 시스템 개선을 간곡히 원하고 있습니다,수업/학습 문제,보통,external_prompt_round2,낮음
"말하기 수행평가 시 전교생이 보는 앞에서 발표를 시켜 내성적인 아이들이 극심한 걱정과 불안, 무대 공포증으로 눈물을 흘리는 등 정서적 학대 환경이 조성되고 있습니다",수업/학습 문제,보통,external_prompt_round2,보통
학습 플래너 검사를 의무화하면서 양식에 맞춰 완벽하게 쓰지 않으면 교실에서 공개적으로 꾸중을 들어 아이가 과제 부담 이상의 강박증과 스트레스를 겪고 있습니다,수업/학습 문제,보통,external_prompt_round2,보통
수업 시간에 배운 내용보다 훨씬 심화된 수준의 문제가 학원 교재 스타일로 지필고사에 출제되어 사교육을 조장하고 공교육에 대한 불신과 실망을 키우고 있습니다,수업/학습 문제,보통,external_prompt_round2,보통
체육 수업 시 부상 학생에 대한 배려 없이 획일적인 기준의 셔틀런(오래달리기) 평가를 강행하여 아이가 숨이 막히는 공포와 정서적 충격을 받고 귀가했습니다,수업/학습 문제,보통,external_prompt_round2,보통
실험 보고서 작성법에 대한 사전 가이드라인 안내 부족 상태에서 무조건 대학교 레포트 수준의 결과물을 요구하니 아이가 가슴이 답답하고 학습 의욕 저하를 느낍니다,수업/학습 문제,보통,external_prompt_round2,보통
수업 중 모르는 부분을 교무실로 찾아가 질문했으나 귀찮다는 듯 인강이나 학원 가서 물어보라는 식의 무책임한 응대 태도를 보여 아이가 학교 시스템에 큰 실망을 했습니다,수업/학습 문제,보통,external_prompt_round2,보통
선택과목 인원 제한 때문에 자신이 원하는 진로 과목을 수강하지 못하고 강제로 다른 과목에 배정되어 진학 포트폴리오에 큰 차질이 생겨 아이가 우울해하고 있습니다,수업/학습 문제,보통,external_prompt_round2,보통
담임교사가 특정 부유층 자녀나 학부모회 임원의 아이에게만 친근하게 대하고 평범한 학생들은 무관심으로 일관하는 차별 대우 태도 때문에 교실 내 위화감이 조성됩니다,교사 태도/행동,보통,external_prompt_round2,보통
학생들이 잘못을 했을 때 원인 파악을 하지 않고 무조건 전체 학생에게 연대책임을 물어 교실 바닥에 엎드려차려를 시키는 등 구시대의 고압적인 훈육 방식에 화가 납니다,교사 태도/행동,보통,external_prompt_round2,보통
조례 시간마다 교사가 자신의 개인적인 감정을 다스리지 못하고 학생들에게 신경질을 내거나 짜증 섞인 응대 태도를 보여 아침부터 아이들이 눈치를 보며 가슴 두근거려 합니다,교사 태도/행동,보통,external_prompt_round2,낮음
"질문을 하러 간 학생에게 ""이런 것도 모르냐""며 다른 동료 교사들이 보는 앞에서 핀잔을 주어 아이에게 심각한 정서적 학대와 수치심을 안겨준 교사의 태도에 실망했습니다",교사 태도/행동,보통,external_prompt_round2,보통
수업 시간에 휴대폰만 보거나 사적인 통화를 하느라 아이들의 학습 지도를 방임하는 교사의 성의 없는 태도가 수개월째 지속되어 교육 환경이 무너지고 있습니다,교사 태도/행동,보통,external_prompt_round2,보통
학부모 상담 시 대화에 집중하지 않고 시계를 자주 보거나 건성으로 대답하는 등 소통 부족과 무례한 응대 태도로 일관하여 방문 후 극심한 모욕감과 스트레스를 받았습니다,교사 태도/행동,보통,external_prompt_round2,낮음
"학생들의 외모나 복장에 대해 비하하는 발언을 농담조로 던져 사춘기 아이들에게 정서적 트라우마와 걱정, 불안을 심어주는 교사의 언행은 인권침해이므로 즉각 시정되어야 합니다",교사 태도/행동,보통,external_prompt_round2,보통
"성적이 낮은 학생들을 향해 ""너희들은 공부 안 하면 나중에 후회한다""는 식의 무시하는 발언을 상습적으로 하여 학생들의 학업 의욕 저하와 반발심을 유발하고 있습니다",교사 태도/행동,보통,external_prompt_round2,낮음
조별 과제 결과물이 마음에 들지 않는다는 이유로 학생들 앞에서 과제물을 집어던지며 고함을 지른 교사의 폭력적인 행동에 아이가 큰 정신적 충격과 정서적 학대를 받았습니다,교사 태도/행동,높음,external_prompt_round2,보통
학생들의 개별적인 소질이나 노력은 무시한 채 오직 내신 등수로만 인간의 가치를 평가하는 담임교사의 차가운 응대 태도에 아이가 학교생활에 깊은 염증을 느끼고 있습니다,교사 태도/행동,보통,external_prompt_round2,낮음
교무실에 서류를 제출하러 간 학생을 몇 십 분 동안 본척만척 세워두며 권위주의적인 태도로 일관하는 교사들의 행동에 아이가 방치되었다고 느끼는 고통을 겪었습니다,교사 태도/행동,보통,external_prompt_round2,낮음
종례를 일관성 없이 매번 늦게 끝내어 학원 버스를 놓치게 만들거나 교통 불편을 유발하면서도 미안하다는 기색 하나 없이 당당한 교사의 이기적인 태도가 원망스럽습니다,교사 태도/행동,보통,external_prompt_round2,낮음
"교실 내에서 학생들 간의 미묘한 따돌림 정황이 보여 상담을 요청했으나 ""아이들끼리 흔히 있는 일""이라며 안일하게 치부하고 방임하는 담임교사의 대처에 매우 실망했습니다",교사 태도/행동,높음,external_prompt_round2,보통
학생들이 공손하게 인사를 해도 쳐다보지도 않고 무시하며 지나가는 교사들의 고압적인 태도 속에서 아이들이 무엇을 보고 배울지 교육적 회의감이 가득 차오릅니다,교사 태도/행동,보통,external_prompt_round2,낮음
체육 수업 중 동작이 느리거나 몸치인 학생을 향해 전교생이 듣는 앞에서 공개적으로 면박을 주어 아이가 체육 시간 자체를 무서워하고 등교 거부감까지 느끼게 만들었습니다,교사 태도/행동,보통,external_prompt_round2,보통
학급 행사를 기획할 때 학생들의 의견을 수렴하는 절차 없이 교사 독단적으로 결정을 내리고 강제 참여를 요구하는 소통 부족 행태에 학부모 입장에서 납득하기 어렵습니다,교사 태도/행동,보통,external_prompt_round2,보통
"수행평가 채점 오류를 정중하게 지적하러 간 학생에게 화를 내며 ""내 권위에 도전하냐""는 식으로 고압적인 응대 태도를 보여 아이가 억울함에 밤새 눈물을 흘렸습니다",교사 태도/행동,보통,external_prompt_round2,보통
교사가 특정 종교관이나 개인적인 신념을 수업 시간마다 반복적으로 설파하며 학생들에게 동조를 강요하는 정신적 학대 환경에 대해 강력한 주의 조치를 요구합니다,교사 태도/행동,보통,external_prompt_round2,보통
학생들의 사생활이 담긴 일기장이나 플래너 내용을 동의 없이 다른 학생들 앞에서 소리 내어 읽어 심각한 인권침해와 수치심을 안겨준 교사의 경솔한 행동에 화가 납니다,교사 태도/행동,보통,external_prompt_round2,보통
부장 교사라는 직위를 이용해 평교사나 학생들에게 고압적인 명령조로 지시를 내리고 군대식 분위기를 조성하는 낡은 태도가 학교의 발전을 가로막고 있습니다,교사 태도/행동,보통,external_prompt_round2,낮음
학부모가 학사 일정에 대해 문의 메일을 보냈으나 수주일째 읽지 않고 답장도 없는 등 소통 부족과 무책임함의 극치를 보여주어 학교 시스템에 큰 실망을 했습니다,교사 태도/행동,보통,external_prompt_round2,낮음
교실 청소 상태가 마음에 들지 않는다며 먼지가 가득한 바닥에 학생들을 다시 앉히고 훈계를 늘어놓는 교사의 비위생적이고 가학적인 태도에 가슴이 답답합니다,교사 태도/행동,보통,external_prompt_round2,보통
"시험 출제 경향에 대해 질문하는 학생에게 ""학원 가서 배워라""며 공교육의 책무를 저버리는 발언을 당당하게 하는 교사의 무책임한 태도에 분노가 치밀어 오릅니다",교사 태도/행동,보통,external_prompt_round2,보통
교사가 수업 분위기가 흐려졌다는 이유로 중간에 책을 덮고 교실을 나가버려 남은 시간 동안 학생들이 방치되고 수업 진도 문제를 겪게 만드는 무책임한 응대 태도입니다,교사 태도/행동,보통,external_prompt_round2,보통
"학생들의 이름 대신 ""야"", ""너"" 또는 신체적 특징을 따서 만든 부적절한 별명으로 학생들을 호명하여 교실 내 정서적 인권침해를 유발하는 교사의 언행을 시정 바랍니다",교사 태도/행동,보통,external_prompt_round2,보통
남녀공학 학교에서 남학생과 여학생의 성별에 따라 청소 구역이나 과제 기준을 차별적으로 적용하여 가이드라인 안내 부족과 성차별적 위화감을 조성하는 교사의 태도입니다,교사 태도/행동,보통,external_prompt_round2,낮음
학생이 아파서 보건실에 가겠다고 했을 때 꾀병 부리지 말라며 조퇴를 막고 교실에 강제로 앉혀두어 아이가 끙끙 앓다가 병세를 키우게 만든 교사의 냉혈한 태도에 분노합니다,교사 태도/행동,보통,external_prompt_round2,보통
급식 지도를 하면서 자신이 좋아하는 반찬을 대량으로 먼저 챙겨가 정작 뒷줄에 선 학생들이 반찬 부족 현상을 겪게 만드는 교사의 이기적인 행동에 실망이 큽니다,교사 태도/행동,보통,external_prompt_round2,낮음
다문화 가정 학생의 발음이나 문화적 차이를 교실 수업 중에 은근히 유머 소재로 삼아 해당 학생에게 정서적 학대와 상처를 주는 교사의 무지한 응대 태도를 규탄합니다,교사 태도/행동,보통,external_prompt_round2,보통
매사에 무기력한 태도로 수업 진도를 대충 나가고 학생들의 질문에는 대답을 회피하는 복지부동형 교사 때문에 아이의 학업 학습 의욕이 크게 저하되고 있습니다,교사 태도/행동,보통,external_prompt_round2,낮음
가정환경 조사서를 걷으면서 부모의 직업이나 주거 형태를 은연중에 확인하고 학생을 대하는 태도가 눈에 띄게 달라지는 교사의 속물적인 태도에 상처를 받았습니다,교사 태도/행동,보통,external_prompt_round2,보통
"학교폭력 예방 상담을 신청했으나 ""네가 원인 제공을 한 것은 없냐""며 피해 학생에게 책임을 전가하는 2차 가해 응대 태도를 보인 상담 교사에게 매우 실망했습니다",교사 태도/행동,높음,external_prompt_round2,보통
수업 도중 자신의 사적인 감정으로 분을 이기지 못하고 교탁을 지휘봉으로 강하게 내리쳐 교실 전체에 공포 분위기를 가득 조성한 교사의 태도가 무섭다고 아이가 호소합니다,교사 태도/행동,보통,external_prompt_round2,보통
학부모 공개수업 날에만 평소와 다르게 다정한 척 가식적인 응대 태도를 보이고 평소에는 방임으로 일관하는 교사의 이중적인 행태에 교육적 불신이 깊어집니다,교사 태도/행동,보통,external_prompt_round2,낮음
"전학 온 학생에 대한 따뜻한 소개나 적응 가이드라인 안내 부족 상태로 교실 맨 뒷자리에 덜렁 앉혀두어 아이가 극심한 소외감과 정서적 걱정, 불안을 겪게 만들었습니다",교사 태도/행동,보통,external_prompt_round2,보통
방과 후 상담 약속을 교사의 개인 사정으로 당일 사전 연락도 없이 취소하여 먼 길을 찾아온 학부모를 문전박대하고 소통 부족으로 일관하는 태도에 화가 납니다,교사 태도/행동,보통,external_prompt_round2,낮음
학생들의 자치회 선거 과정에 특정 학생을 노골적으로 지지하거나 밀어주는 발언을 조례 시간에 하여 선거의 공정성을 훼손하는 교사의 편파적 태도를 시정해 주십시오,교사 태도/행동,보통,external_prompt_round2,보통
체육 교사가 운동장에서 남학생들에게만 공을 주고 여학생들은 그늘막 아래 자습을 주며 완전히 방치하는 성별 차별적 응대 태도가 매주 반복되고 있어 실망스럽습니다,교사 태도/행동,보통,external_prompt_round2,낮음
소지품 검사 명목으로 학생들의 가방을 거칠게 뒤엎고 물건을 바닥에 떨어뜨리며 고압적인 자세로 학생들을 범죄자 취급하는 선도 교사의 태도에 인권침해를 느낍니다,교사 태도/행동,보통,external_prompt_round2,보통
지각한 학생에게 반성문을 쓰게 하면서 반성문 양식이 마음에 들지 않는다는 이유로 수차례 찢어버려 학생의 인격을 모독하고 과제 부담 그 이상의 정서적 학대를 가했습니다,교사 태도/행동,보통,external_prompt_round2,보통
학교 행정업무가 바쁘다는 핑계로 담임교사가 학급 단톡방의 알림을 전면 차단해 두고 학생들의 긴급한 질문이나 소통 요구를 원천 방치하는 소통 부족 태도입니다,교사 태도/행동,보통,external_prompt_round2,낮음
"과학 교사가 수업 중 질문을 한 학생에게 ""그건 학원 선행학습 내용이니 여기서 묻지 마라""며 고압적으로 묵살하여 아이의 순수한 학습 탐구 의욕을 꺾어버렸습니다",교사 태도/행동,보통,external_prompt_round2,보통
내성적이고 조용한 학생들의 의견은 철저히 묵살하고 목소리 크고 외향적인 학생들의 요구만 수용하는 학급 운영 태도 때문에 아이가 교실 수업에서 소외감을 느낍니다,교사 태도/행동,보통,external_prompt_round2,낮음
"학부모가 전화를 걸었을 때 귀찮다는 듯이 퉁명스러운 목소리로 응대하고 ""용건만 간단히 하라""며 고압적인 태도로 일관해 통화 내내 심장이 두근거리고 가슴이 답답했습니다",교사 태도/행동,보통,external_prompt_round2,보통
"학생이 실수로 물을 쏟았을 때 다정하게 닦아주기는커녕 ""칠칠치 못하다""며 반 전체 학생들 앞에서 면박을 주어 아이가 집에 와 서러움의 눈물을 흘리게 만들었습니다",교사 태도/행동,보통,external_prompt_round2,보통
"학습 진도를 다 나가지 못했음에도 시험 기간이 다가오자 ""나머지는 각자 알아서 공부하라""며 책임을 학생과 가정에 떠넘기는 무책임한 교사의 태도에 실망이 큽니다",교사 태도/행동,보통,external_prompt_round2,보통
동아리 담당 교사가 동아리 활동 예산을 어디에 썼는지 학생들에게 투명하게 공지하지 않고 소통 부족 상태로 일관하여 학생들 사이에서 불신이 가득 피어나고 있습니다,교사 태도/행동,보통,external_prompt_round2,낮음
수업 중에 졸고 있는 학생의 책상을 발로 강하게 차서 깨우는 등 학생의 신체적 정서적 안전을 위협하고 공포심을 유발하는 교사의 폭력적인 응대 태도를 규탄합니다,교사 태도/행동,높음,external_prompt_round2,보통
학업 성적이 떨어진 학생에게 면담을 하자고 불러내어 비난 섞인 훈계만 늘어놓아 아이의 자존감을 바닥으로 떨어뜨리고 학업 포기 심리를 유발하는 담임교사의 태도입니다,교사 태도/행동,보통,external_prompt_round2,보통
가정통신문 제출 기한을 하루 넘겼다는 이유로 교무실 앞에 서서 벌을 서게 하여 아이에게 정서적 학대와 과도한 수치심을 안겨준 행정에 강력히 항의합니다,교사 태도/행동,보통,external_prompt_round2,보통
"새 학기 첫날부터 학생들에게 ""나는 무서운 사람이니 내 말에 복종하라""며 군대식 서열 문화를 조장하고 교실 분위기를 싹막하게 가득 채운 교사의 고압적 태도입니다",교사 태도/행동,보통,external_prompt_round2,보통
급식으로 나오는 국과 반찬이 식단표 공지와 달리 매번 미지근하거나 완전히 식은 채로 배식되어 학생들이 맛없는 식사를 하며 위생 안전사고 위험을 우려하고 있습니다,급식,높음,external_prompt_round2,낮음
급식 메뉴에 튀김이나 인스턴트 가공식품 비중이 너무 높아 학생들의 영양 불균형이 우려되며 오후 수업 시간 내내 아이들이 소화 불량과 두통을 호소합니다,급식,보통,external_prompt_round2,보통
급식실에서 제공되는 수저와 식판에 기름때나 이전 식사 잔여물이 묻어 있는 등 위생 관리 부실 상태가 방치되어 아이가 불쾌감과 정서적 학대 느낌을 받았습니다,급식,보통,external_prompt_round2,보통
급식 양 배정 가이드라인 안내 부족으로 인해 늦게 식당에 도착한 뒷번호 학급 학생들은 고기 반찬이 부족하여 국물만 받아 가는 차별 대우 불이익이 반복됩니다,급식,낮음,external_prompt_round2,보통
급식 식단에 학생들의 선호도가 전혀 반영되지 않고 맛없는 채소 위주의 식단만 고집하여 다수의 아이들이 급식을 통째로 버리고 매점 과자로 배를 채우는 방치 상황입니다,급식,보통,external_prompt_round2,낮음
급식실 줄서기 공간 관리가 안 되어 학생들이 새치기를 하거나 밀쳐서 식판을 놓치고 밥을 쏟는 등 질서 무너짐 환경이 매일 점심시간마다 반복되어 가슴이 답답합니다,급식,보통,external_prompt_round2,보통
"급식으로 제공된 과일(방울토마토, 사과)의 신선도가 떨어져 물러 터지거나 멍이 가득한 상태로 배식되어 학생들의 먹거리 위생 안전에 대한 신뢰가 매우 실망스럽습니다",급식,높음,external_prompt_round2,보통
특정 식품 알레르기가 있는 학생들을 위한 대체 식단 안내 부족과 배려 부족으로 인해 알레르기 유발 물질이 포함된 줄 모르고 먹은 아이가 두드러기 위험을 겪었습니다,급식,높음,external_prompt_round2,보통
급식에 나오는 김치가 너무 맵고 시어서 저학년 학생들이나 매운 음식을 못 먹는 아이들은 반찬으로 손도 대지 못하고 맨밥만 먹는 방치 상황을 겪고 있습니다,급식,보통,external_prompt_round2,낮음
급식실 식사 시간이 너무 짧게 배정되어 배식받고 자리에 앉으면 10분 만에 허겁지겁 먹고 나가야 해 아이들이 상습 체증과 과제 부담 이상의 소화 스트레스를 겪습니다,급식,보통,external_prompt_round2,보통
"급식소 조리원들의 고압적인 응대 태도와 ""남기지 말고 다 먹으라""는 식의 강요 때문에 아이가 잔반 검사 통과에 정서적 공포와 불안을 느끼며 집에 와 눈물 흘립니다",급식,보통,external_prompt_round2,보통
급식 메뉴에 고기류 반찬이 나올 때 뼈가 너무 많거나 질겨서 학생들이 씹다가 치아 부상을 입을 뻔한 아찔한 안전사고 위험이 도사리고 있으나 조리 개선이 없습니다,급식,높음,external_prompt_round2,보통
급식실 내부 환경이 환기가 안 되어 음식 냄새와 열기가 가득 차 에어컨을 틀어도 땀을 흘리며 불쾌한 환경에서 식사를 해야 하니 학습 의욕 저하로 이어집니다,급식,보통,external_prompt_round2,낮음
급식비 단가는 인상되었음에도 불구하고 식단의 질이나 구성은 오히려 퇴보하여 부실 급식 의혹 불신이 학부모들 사이에서 가득 차오르고 있어 소통 부족을 느낍니다,급식,보통,external_prompt_round2,보통
급식으로 나온 밥이 너무 질거나 반대로 생쌀처럼 굳어 있어 학생들이 소화를 시키지 못하고 오후 교실 수업 시간 내내 배탈과 만성 피로 증세를 호소하고 있습니다,급식,보통,external_prompt_round2,낮음
급식 반찬의 간이 너무 짜거나 자극적이어서 학생들이 식사 후 오후 내내 갈증을 호소하며 정수기 앞으로 몰려 수업 진도와 쉬는 시간 소란을 유발하고 있습니다,급식,보통,external_prompt_round2,낮음
급식실 바닥에 음식물 찌꺼기와 물기가 그대로 방치되어 있어 식판을 든 학생들이 걸어가다 미끄러지는 낙상 안전사고 위험이 매일 상존하고 있어 화가 납니다,급식,높음,external_prompt_round2,보통
급식으로 나오는 생선 요리에 가시가 너무 많이 제대로 제거되지 않은 채 배식되어 아이들이 목에 가시가 걸리는 아찔한 신체 건강 위험을 직접 겪고 우옵니다,급식,높음,external_prompt_round2,보통
급식소에서 사용하는 플라스틱 컵과 식기류가 노후화되어 흠집이 가득하고 그 사이에 세균 번식 위생 안전사고 위험이 높은데도 식기 교체가 이루어지지 않습니다,급식,높음,external_prompt_round2,보통
급식 식단표에 표기된 영양 성분 및 칼로리 정보 안내 부족 상태로 인해 비만 관리가 필요한 학생이나 소아당뇨를 겪는 아이들이 식단 조절에 큰 어려움을 겪습니다,급식,낮음,external_prompt_round2,낮음
급식 배식 조가 특정 학급 교사의 사적 친분 조치에 따라 순서가 임의로 변경되어 규칙을 지킨 아이들이 점심시간 권리를 침해당하고 학교 행정에 매우 실망스럽습니다,급식,보통,external_prompt_round2,낮음
급식으로 제공되는 국물 요리에 MSG 나 조미료 맛이 지나치게 강하게 나서 먹고 나면 입안이 텁텁하고 아이들이 두통과 구토 증세 불안을 호소하는 환경입니다,급식,보통,external_prompt_round2,낮음
급식실 퇴식구 공간이 너무 협소하여 잔반을 버리려는 학생들이 엉켜 냄새나는 국물이 옷에 튀거나 위생 오염 스트레스를 유발하는 구조적 문제가 방치됩니다,급식,보통,external_prompt_round2,낮음
"급식 영양사가 학부모들의 식단 개선 건의 사항에 대해 소통 부족 창구로 일관하며 ""예산 맞춰 하는 공적인 일이니 간섭 말라""는 고압적 태도를 보여 답답합니다",급식,낮음,external_prompt_round2,보통
"급식으로 나오는 유제품(우유, 요구르트)의 보관 시설 온도가 낮지 않아 미지근한 상태로 배식되어 여름철 식중독 위생 안전사고 위험이 심각하게 우려됩니다",급식,높음,external_prompt_round2,보통
급식 메뉴가 매주 지나치게 중복되어 월요일에 나온 반찬 재활용 의혹 불신이 생길 정도로 식단의 다양성이 결여되어 학생들의 급식 만족도가 바닥을 칩니다,급식,보통,external_prompt_round2,낮음
급식실 의자의 등받이가 없어 학생들이 불편한 자세로 식사를 하느라 척추 통증을 호소하며 편안해야 할 식사 시간이 정서적 고통 환경으로 변질되었습니다,급식,보통,external_prompt_round2,낮음
급식에 사용되는 식재료의 원산지 표시 안내 부족 상태가 지속되어 국내산 고품질 재료를 사용하는지 학부모 입장에서 납득하기 어렵고 불안감이 가득합니다,급식,낮음,external_prompt_round2,보통
급식실 배식 구역 조명이 너무 어두워 음식 내부의 이물질을 눈으로 식별하기 어려운 환경이며 이로 인해 위생 안전사고 위험을 조기에 차단하지 못하고 있습니다,급식,높음,external_prompt_round2,보통
급식으로 나오는 빵이나 떡 제품이 퍽퍽하고 건조하여 학생들이 먹다가 목이 메어 캑캑거리는 상황이 발생하는데도 식수대 시설과의 동선 배치가 부실합니다,급식,보통,external_prompt_round2,낮음
급식 조리실 내부를 학부모 모니터링단에게 공개하지 않고 비밀주의 소통 부족 태도로 일관하여 청결 상태에 대한 의구심과 교육 불신을 키우고 있어 분노합니다,급식,보통,external_prompt_round2,보통
"급식 반찬 중 채소류(나물, 샐러드)의 세척 상태가 불량하여 진흙이나 작은 벌레 사체가 발견되는 끔찍한 위생 안전사고 위험 사태가 발생하여 실망이 극에 달했습니다",급식,높음,external_prompt_round2,보통
급식실에 배치된 휴지나 냅킨 시설이 항상 부족하여 학생들이 음식을 흘렸을 때 옷이나 손으로 닦아야 하는 불결하고 열악한 방치 상황이 계속되고 있습니다,급식,보통,external_prompt_round2,낮음
급식 메뉴 중 세계 요리 특집이라며 정체불명의 퓨전 음식을 내놓아 학생들이 한 입도 먹지 못하고 전량 잔반으로 버리는 예산 낭비 행태에 가슴이 답답합니다,급식,보통,external_prompt_round2,낮음
급식실 직원들이 배식할 때 위생 장갑을 낀 손으로 돈이나 스마트폰을 만진 후 그대로 음식을 집어 배식하는 위생 관념 실종 행태에 너무 화가 나고 실망스럽습니다,급식,보통,external_prompt_round2,보통
급식으로 나오는 숟가락의 크기가 너무 크거나 작아 저학년 아이들이 입을 다치거나 음식을 흘리며 정서적 상처와 과제 부담 이상의 식사 스트레스를 겪습니다,급식,보통,external_prompt_round2,낮음
급식 식단에 매운 반찬만 3가지 이상 겹쳐서 나오는 날이 많아 매운 음식을 못 먹는 학생들은 국에 밥만 말아 먹고 교실 수업 시간 피로와 배고픔을 호소합니다,급식,보통,external_prompt_round2,낮음
급식실 한구석에 잔반 통이 상시 노출되어 있어 식사하는 테이블 바로 옆에서 구토를 유발하는 비위생적인 풍경과 악취 환경 오염이 방치되는 상황에 항의합니다,급식,보통,external_prompt_round2,보통
급식으로 제공된 닭고기 요리가 내부까지 완전히 익지 않아 붉은 핏기가 도는 상태로 배식되어 학생들이 살모넬라균 등 위생 안전사고 위험에 직면했습니다,급식,높음,external_prompt_round2,보통
급식실 입장 순서 배정 가이드라인 안내 부족으로 인해 특정 학년이 매번 점심시간의 절반이 지난 후에야 입장을 할 수 있어 휴식 권리를 불평등하게 침해당합니다,급식,낮음,external_prompt_round2,보통
급식소에 정수기 시설 대수가 학생 수에 비해 너무 적어 식사 후 물 한 모금 마시기 위해 수십 명이 긴 줄을 서다 종이 울려 교실로 뛰어가는 열악한 환경입니다,급식,보통,external_prompt_round2,낮음
급식으로 나오는 국물의 염도가 너무 높아 짠맛이 강함에도 염도 측정 수치 안내 부족 상태를 고수하며 학생들의 신체 건강 관리를 소홀히 하고 있습니다,급식,낮음,external_prompt_round2,보통
"급식실 내 교직원 전용 식사 구역은 화려하고 쾌적하게 꾸며놓은 반면, 학생 구역은 낙후되고 비좁아 은근한 차별 대우와 소외감을 조장하는 행정에 화가 납니다",급식,보통,external_prompt_round2,낮음
급식 메뉴 중 샌드위치나 햄버거의 패티가 가공 향료 맛이 너무 심해 학생들이 거부감을 느끼며 학교 급식의 영양 학적 가치에 매우 실망스럽다고 토로합니다,급식,보통,external_prompt_round2,낮음
급식실 퇴식구 앞에 잔반을 버리는 도우미 학생들에게 고압적인 태도로 지시를 내리고 청소를 강제하는 등 학생 자치권을 침해하는 생활지도 방식에 항의합니다,급식,보통,external_prompt_round2,보통
급식으로 나오는 수프나 죽 요리가 너무 묽어 물처럼 흘러내려 학생들이 식판을 들고 걸어가다 주변 사람에게 쏟아 화상을 입히는 안전사고 위험이 상존합니다,급식,높음,external_prompt_round2,보통
급식실 입구에 미끄럼 방지 매트 시설이 깔려 있지 않아 비가 오는 날 학생들이 신발에 묻은 물기 때문에 대형 낙상 위험을 겪고 있으나 방치되어 있습니다,급식,높음,external_prompt_round2,보통
급식 메뉴 개발을 위한 학생 설문조사를 실시했으나 결과 반영 내역에 대한 소통 부족 창구로 일관하며 기존의 부실한 식단을 무한 반복하는 행태에 실망했습니다,급식,보통,external_prompt_round2,낮음
급식으로 나오는 조미김이나 디저트류의 비닐 포장지가 너무 질겨 아이들이 손으로 뜯다가 대형 사고로 음식을 쏟아 교실 수업 전 정서적 상처를 입고 눈물 흘립니다,급식,높음,external_prompt_round2,낮음
급식실 내 테이블 위생 행주 소독이 제대로 안 되어 테이블을 닦아도 쉰내가 진동하는 열악한 위생 환경 속에서 아이들이 억지로 밥을 먹는 방치 상황입니다,급식,보통,external_prompt_round2,보통
쉬는 시간 복도에서 학생들이 술래잡기를 하며 전속력으로 뛰어다니는데도 생활지도 교사가 제지하지 않아 부딪힌 아이가 낙상 상해를 입을 위험이 상존합니다,생활지도/안전,높음,external_prompt_round2,보통
학교 앞 문구점 주변에서 불량 식품이나 사행성 뽑기 기계가 무분별하게 운영되고 있으나 학교 차원의 하교 시간 유해 환경 단속 생활지도가 전무하여 방치됩니다,생활지도/안전,높음,external_prompt_round2,낮음
학생들의 등교 시간 복장 단속을 하면서 귀걸이나 양말 색상 같은 사소한 규정 위반으로 교문 앞에 수십 분간 서 있게 해 정서적 학대와 수치심을 유발합니다,생활지도/안전,높음,external_prompt_round2,보통
체육 수업 전 준비운동을 소홀히 한 채 바로 축구나 피구 경기를 진행하여 학생들이 근육 파열이나 염좌 등 신체 안전사고 위험에 노출되는 환경이 방치됩니다,생활지도/안전,높음,external_prompt_round2,보통
교실 내에서 스마트폰 단속 가이드라인 안내 부족으로 인해 수업 시간 중 카카오톡이나 게임을 하는 아이들이 많아 면학 분위기와 안전 생활지도가 무너지고 있습니다,생활지도/안전,높음,external_prompt_round2,낮음
쉬는 시간 화장실 구석에서 학생들이 거친 욕설과 언어폭력을 쓰며 장난을 치는데도 교사들의 화장실 순찰 생활지도가 사각지대로 남아 있어 아이가 무서워합니다,생활지도/안전,높음,external_prompt_round2,보통
자전거 통학을 하는 학생들이 헬멧 등 보호장구를 착용하지 않고 정문을 드나드는데도 이를 단속하거나 안전지도를 하는 교사가 보이지 않아 걱정이 가득합니다,생활지도/안전,높음,external_prompt_round2,보통
비가 오는 날 교문 앞에서 우산을 접으며 들어오는 학생 동선 생활지도가 안 되어 우산 살에 눈을 찔릴 뻔한 아찔한 안전사고 위험을 아이가 직접 목격했습니다,생활지도/안전,높음,external_prompt_round2,보통
학급 단톡방에서 특정 학생을 배제하거나 저격하는 글을 올리는 사이버 불링 정황을 담임교사가 인지하고도 소통 부족 태도로 방관하여 피해가 커지고 있습니다,생활지도/안전,높음,external_prompt_round2,보통
점심시간 운동장 주변 후미진 창고 사각지대에서 일부 비행 학생들이 모여 소란을 피우는데도 CCTV 모니터링이나 교사 순찰 생활지도가 없어 불안 환경입니다,생활지도/안전,높음,external_prompt_round2,보통
이동 수업 시 학생들이 계단에서 우측통행 규칙을 지키지 않고 뒤엉켜 내려오다 밀쳐져 구를 뻔한 낙상 안전사고 위험이 상존함에도 보행 생활지도가 실종되었습니다,생활지도/안전,높음,external_prompt_round2,보통
교실 내 커터칼이나 가위 등 날카로운 문구류 안전 사용 규칙 안내 부족 상태로 학생들이 위험한 칼치기 장난을 치는데도 교사는 주의를 주지 않고 방임합니다,생활지도/안전,높음,external_prompt_round2,보통
미세먼지 경보 발령 날 야외 체육 활동을 자제하라는 지침을 어기고 운동장에서 피구를 강행하여 학생들이 호흡기 질환 건강 위험을 호소하는 안일한 생활지도입니다,생활지도/안전,높음,external_prompt_round2,보통
교내 밴드부 연습실의 고전압 앰프와 멀티탭 전선 정리가 안 되어 학생들이 발에 걸려 넘어지거나 감전 안전사고 위험이 높은데도 동아리 생활지도가 부실합니다,생활지도/안전,높음,external_prompt_round2,보통
하교 시간 교문 앞 좁은 인도에 학생들이 한꺼번에 몰려 차도로 밀려 내려와 주행하는 차량과 부딪힐 뻔한 교통 안전사고 위험이 매일 반복되나 방치 상태입니다,생활지도/안전,높음,external_prompt_round2,보통
학생증을 소지하지 않은 학생들을 교문에서 고압적인 태도로 단속하며 벌점을 무차별 부과하여 아침부터 아이들에게 심각한 스트레스와 학대 감정을 안겨줍니다,생활지도/안전,높음,external_prompt_round2,낮음
청소 시간 걸레자루를 가지고 칼싸움 장난을 치거나 창문 밖으로 먼지를 터는 위험한 행동을 교실 내 감독 교사가 배치되지 않아 생활지도가 차단되었습니다,생활지도/안전,높음,external_prompt_round2,보통
"학교폭력 피해 우려로 상담을 청한 학생에게 ""친한 친구끼리 사소한 오해""라며 합의를 종용하는 담임교사의 무능한 생활지도 태도에 너무 화가 나고 실망스럽습니다",생활지도/안전,높음,external_prompt_round2,보통
동절기 운동장 진입로 빙판길 미끄럼 방지 염화칼슘 살포가 지연되어 아이들이 넘어지는 낙상 위험이 가득함에도 등교 지도 시 보행 생활지도가 안 이뤄집니다,생활지도/안전,높음,external_prompt_round2,보통
매점 이용 시 학년별 질서 유지 가이드라인 안내 부족으로 인해 덩치 큰 상급생들이 하급생들을 밀치고 새치기를 하는 갈취 분위기 안전사고 위험이 방치됩니다,생활지도/안전,높음,external_prompt_round2,보통
교실 안에서 관상용 선인장이나 날카로운 화분을 창틀에 두어 떨어질 경우 아래 보행 학생이 맞을 낙하 안전사고 위험이 높은데도 환경 정비 지도가 없습니다,생활지도/안전,높음,external_prompt_round2,낮음
방과 후 자율학습 종료 후 늦은 귀가 시간 정문 앞 어두운 골목길에 생활지도 순찰 교사가 배치되지 않아 학생들이 범죄 위험에 대한 걱정과 불안을 호소합니다,생활지도/안전,높음,external_prompt_round2,보통
학교 축제 현장 체험학습 버스 탑승 시 안전벨트 착용 여부를 인솔 교사가 확인하지 않고 출발하여 대형 교통 안전사고 위험을 자초하는 안일함에 분노합니다,생활지도/안전,높음,external_prompt_round2,보통
컴퓨터실 수업 중 유해 사이트 무설정 접속을 방치하여 학생들이 음란물이나 도박 광고에 노출되는데도 정보 생활지도 모니터링이 실종되어 납득하기 어렵습니다,생활지도/안전,높음,external_prompt_round2,보통
지진 및 화재 대피 훈련 시 대피 경로 안내 부족과 교사들의 우왕좌왕 소통 부족 태도로 인해 학생들이 계단에서 병목현상 압사 위험을 겪으며 실망을 표합니다,생활지도/안전,높음,external_prompt_round2,보통
특이 성향을 보이며 타인에게 물건을 던지는 분노조절 학생을 일반 교실 내에 아무런 격리나 전문 지도 조치 없이 방치하여 주변 아이들이 상해 위험에 시달립니다,생활지도/안전,높음,external_prompt_round2,보통
급식실 대기 줄에서 학생들이 장난으로 뒷사람을 밀치는 밀치기 행위를 배식 지도 교사가 보고도 훈계하지 않고 지나쳐 안전 불감증에 가슴이 답답합니다,생활지도/안전,높음,external_prompt_round2,보통
탈의실 남녀 이용 시간 분리 가이드라인 안내 부족으로 이성 학생이 문을 열어 사생활 인권침해와 수치심 정서적 학대를 유발하는 부실한 생활지도 실태입니다,생활지도/안전,높음,external_prompt_round2,보통
교실 문을 거칠게 발로 차서 열거나 쾅 닫는 위협적인 행동을 일삼는 불량 학생에 대한 즉각적인 제지나 행동 교정 생활지도가 이루어지지 않고 방치 상태입니다,생활지도/안전,높음,external_prompt_round2,보통
체육 대회 야외 활동 중 대열을 이탈해 매점으로 뛰어가는 학생들을 인솔 교사들이 잡담하느라 통제하지 않아 대열 무너짐 안전사고 위험을 유발했습니다,생활지도/안전,높음,external_prompt_round2,보통
과학실 알코올램프 사용 실험 수업 시 불꽃을 켠 채 자리를 비우는 위험 행동을 담당 교사가 교탁에서 노트북만 보느라 인지하지 못하고 방임하는 열악한 환경입니다,생활지도/안전,높음,external_prompt_round2,보통
학교 주변 공사 현장 인도 단절로 아이들이 차도로 우회 등교를 하는데도 학교 차원의 임시 통학로 안전 요원 배치나 보행 생활지도가 소홀하여 위험합니다,생활지도/안전,높음,external_prompt_round2,보통
교내 옥상 출입문 고장 잠금장치를 수일째 보수하지 않아 학생들이 난간에서 장난치는 아찔한 추락 위험이 상존함에도 순찰 생활지도가 완전히 손놓였습니다,생활지도/안전,높음,external_prompt_round2,보통
학급 내 금전 거래나 물품 강매 같은 경제적 인권침해 비행 정황에 대해 아이들끼리의 장난이라며 소통 부족으로 일관하고 생활지도를 외면하는 담임교사입니다,생활지도/안전,높음,external_prompt_round2,보통
선도부 학생들이 교문 앞에서 위협적인 눈빛과 짜증 섞인 응대 태도로 학우들을 단속하며 공포 분위기를 조장하는 구시대적 생활지도 방식을 시정 바랍니다,생활지도/안전,높음,external_prompt_round2,낮음
비가 오는 날 현관 물기 미제거로 인한 미끄러운 바닥 보행 안전 생활지도는 안 하고 두발 규정만 단속하는 교사들의 주객전도 태도에 실망이 가득합니다,생활지도/안전,높음,external_prompt_round2,보통
학교 매점 앞 통로 밀집도가 지나치게 높아 압사 안전사고 위험을 겪고 아이가 가슴 답답해하는데도 동선 제지나 분산 생활지도 조치가 없어 너무 화가 납니다,생활지도/안전,높음,external_prompt_round2,보통
기숙사 야간 점호 이후 학생들이 방을 이탈해 고성방가를 지르는 생활지도 붕괴 환경을 사감 교사가 야간 순찰 소홀로 방치하여 수면 부족 고통을 유발합니다,생활지도/안전,높음,external_prompt_round2,보통
수업 중 창밖으로 지우개나 페트병을 던지는 투척 비행 행동을 가벼운 훈방 조치로만 끝내 아래 통행 학생의 두부 손상 안전사고 위험을 방임하는 학교입니다,생활지도/안전,높음,external_prompt_round2,보통
"동아리 실습 도구(칼, 글루건) 화상 자상 위험 가이드라인 안내 부족 상태에서 강사가 밀착 생활지도를 안 해 아이가 다치고 서러움의 눈물을 흘렸습니다",생활지도/안전,높음,external_prompt_round2,보통
학교 주변 유흥가 유해 업소 밀집 구역에 대한 방과 후 교외 순찰 생활지도가 전무하여 학생들이 범죄 안전사고 위험에 무방비로 노출되어 실망스럽습니다,생활지도/안전,높음,external_prompt_round2,보통
교실 내 텔레비전 모니터 거치대 나사가 헐거워져 흔들리는데도 시설 보수 없이 수업을 강행하여 학생 머리 위 낙하 안전사고 위험이 도사리는 위험 환경입니다,생활지도/안전,높음,external_prompt_round2,보통
방과 후 자율학습 미신청 학생을 교실에 강제로 잡아두고 문을 잠가 화재 발생 시 대피 불가 안전사고 위험을 초래하는 위법적 고압 생활지도를 중단하십시오,생활지도/안전,높음,external_prompt_round2,보통
체육 수업 참관 중인 아픈 학생을 땡볕 운동장 바닥에 아무 조치 없이 앉혀두어 열사병 위험과 정서적 방치 학대 환경을 유발하는 교사의 처사에 분노합니다,생활지도/안전,높음,external_prompt_round2,보통
교내 엘리베이터 정원 초과 탑승 장난을 제재하는 생활지도가 없어 실제 갇힘 안전사고 위험으로 아이들이 안에서 공포와 가슴 답답함을 호소하며 울었습니다,생활지도/안전,높음,external_prompt_round2,보통
학급 내 스마트폰 불법 도박 유행 정황을 담임교사가 조례 시간 외 폰 수거 생활지도 소홀로 방치하여 갈취 비행 안전사고 위험으로 번지는 열악한 교실입니다,생활지도/안전,높음,external_prompt_round2,보통
체육관 무대 뒤 밀폐된 어두운 사각지대에 대한 출입 통제 생활지도가 없어 감전 화재 안전사고 위험 및 비행 아지트 환경이 방치되는 것에 실망이 큽니다,생활지도/안전,높음,external_prompt_round2,보통
학교 운동장 낙후된 창고 주변 깨진 유리병 방치 구역에 대한 접근 제한 안내 부족과 생활지도 실종으로 아이들이 놀다 다칠 상해 위험이 심각합니다,생활지도/안전,높음,external_prompt_round2,보통
청소 시간 젖은 걸레로 복도 바닥을 닦은 후 미끄럼 경고판 설치나 보행 생활지도가 없어 뛰어가던 아이들이 단체로 넘어지는 낙상 안전사고 위험이 높습니다,생활지도/안전,높음,external_prompt_round2,보통
학교 홈페이지 익명 게시판이 스팸 광고와 악성 매크로 글로 도배되어 공지사항 안내 부족과 소통 부족을 유발하는데도 행정실은 사이트 보안 관리를 방치합니다,기타,낮음,external_prompt_round2,보통
학기 초 발급된 학생증의 사진 인쇄 상태가 흐릿하게 오타 범벅으로 나와 시설 이용 불이익을 겪는데 복잡한 재발급 수수료 추가 부담을 가정에 전가해 화가 납니다,기타,보통,external_prompt_round2,낮음
행정실 직원들의 전화 응대 태도가 너무 고압적이고 퉁명스러워 필수 서류 문의 시 정서적 모욕감과 불통 행정 소통 부족 스트레스를 유발하여 가슴이 답답합니다,기타,낮음,external_prompt_round2,낮음
일방적으로 지정한 독점 교복 납품 업체의 품질이 형편없고 비싸 학부모의 경제적 과제 부담을 가중시키며 교환 AS 소통 부족 처사에 매우 실망스럽습니다,기타,보통,external_prompt_round2,낮음
졸업앨범 사진 화질이 조잡하고 특정 학생 편중 인쇄로 인해 우리 아이가 교실 내 소외감과 정서적 상처를 받았으나 앨범 사태 환불 불가 소통 부족으로 일관합니다,기타,보통,external_prompt_round2,낮음
교내 자판기 음료 유통기한 경고 안내 부족 상태로 고장 장비가 방치되어 위생 안전사고 위험과 돈 낭비 불편을 겪는 상황에 대해 시설 지도를 원합니다,기타,높음,external_prompt_round2,보통
자체 모바일 페이 결제 시스템의 잦은 서버 다운 결제 오류로 학생들이 점심시간 내 줄만 서다 밥을 굶고 방치되어 스트레스와 실망감을 호소하고 있습니다,기타,보통,external_prompt_round2,낮음
분실물 보관소 접수 대장 및 온라인 조회 시스템 가이드라인 안내 부족으로 분실물이 도난 유실되는 방임 태도에 가정의 경제적 손실 부담이 커져 화가 납니다,기타,낮음,external_prompt_round2,낮음
학교 발전기금 찬조금 명목의 반강제 기부 독려 가정통신문으로 경제적 정신적 스트레스를 유발하며 차별 대우 위화감 조성 소통 부족 처사에 항의합니다,기타,보통,external_prompt_round2,보통
성적표 우편 발송 행정 주소지 오기로 민감한 사생활 개인정보가 타인에게 노출 노출되는 행정 사고 위험과 소통 부족 응대 태도에 책임자 문책을 요구합니다,기타,높음,external_prompt_round2,보통
동아리 선정 과정이 가위바위보 무작위 배정 방식으로 진행되어 희망 진로 기회를 박탈당하고 학습 의욕 저하 교실 수업 이해 부족을 겪게 만드는 행정입니다,기타,낮음,external_prompt_round2,낮음
도서관 대출증 우선 발급 차별 처사로 일반 학생들이 도서 이용 제한 불이익과 교내 위화감 소외감 정서적 상처를 느끼게 만드는 불공정 행정을 시정 바랍니다,기타,보통,external_prompt_round2,낮음
불법 사교육 홍보 전단지 배포원들이 교문 안까지 침입해 아이 가방을 붙잡아 무섭고 심장이 뛰는데도 보안 관리를 유기하고 방치하는 학교에 실망했습니다,기타,보통,external_prompt_round2,보통
주말 조기축구회 운동장 유료 대관 수익에만 치중해 정작 학생들이 주말 시설 이용을 전면 통제당하고 쓰레기 오염 환경 위험을 마주하게 만드는 상업 행정입니다,기타,높음,external_prompt_round2,낮음
교내 매점 간식 가격이 편용점보다 터무니없이 비싸 용돈이 부족한 아이가 교실 소외감을 느끼며 영양 칼로리 안내 부족 폭리 행태에 분노를 호소합니다,기타,낮음,external_prompt_round2,낮음
단체 봉사활동 프로그램 기관이 특정 종교 편향성이 심한 곳으로 지정되어 종교 자유 침해와 정서적 학대 스트레스를 가중시키는 소통 부족 기획 태도입니다,기타,보통,external_prompt_round2,보통
셔틀버스 운행 노선이 일부 학부모 임원 거주지 위주로 편파 배정되어 원거리 통학 학생이 만성 피로와 교통 불편 위험을 겪음에도 소통 부족으로 일관합니다,기타,높음,external_prompt_round2,보통
장학금 수혜자 선정 심사 기준이 불투명하고 공지 안내 부족 상태로 밀실 처리되어 학생들 간 불화와 학업 학습 의욕 저하 좌절감 눈물을 유발하고 있습니다,기타,낮음,external_prompt_round2,보통
교지 인쇄물에 학생 동의 없이 개인 초상권과 입시 성적 정보를 무단 실어 전교생 놀림거리 정서적 트라우마 무서워하는 인권침해를 저지른 행정입니다,기타,보통,external_prompt_round2,보통
동아리 연습실 배정 시간이 교사 주관적 호불호로 편파 분배되어 복도 바닥 연습 서러움 눈물 소통 부족 온라인 시설 예약 시스템 구축을 촉구합니다,기타,보통,external_prompt_round2,낮음
아침 명상 오디오 방송 볼륨이 너무 크고 종교색 내용으로 두통과 아침 학습 준비 기회 박탈 과제 부담 스트레스를 조장하는 일방적 행정을 중단하십시오,기타,보통,external_prompt_round2,낮음
교내 공모전 결과 발표일이 수 주 지연됨에도 아무런 지연 사유 안내 부족 상태로 방치해 입시 포트폴리오 불안 피가 마르는 만성 피로를 겪고 있습니다,기타,낮음,external_prompt_round2,보통
교육용 태블릿 PC 장비를 분실 위험 핑계로 보관함에 잠가만 두고 수업 시간 시설 활용 개방을 안 해 교실 수업 이해 부족을 유발하는 전시 행정입니다,기타,높음,external_prompt_round2,낮음
교내 건의함 수거를 수개월째 안 해 먼지만 쌓이고 학생 의견 묵살 무력감 눈물을 유발하는 형식적 쇼 소통 부족 행정을 투명하게 처리장 전면 공개 바랍니다,기타,낮음,external_prompt_round2,낮음
축제 기간 외부 푸드트럭 쓰레기 처리 비용을 학생 결제액에 강제 전가해 과제 부담을 주며 돈 없는 아이를 교실 구석 소외감 눈물 흘리게 만든 기획입니다,기타,보통,external_prompt_round2,낮음
학부모 공식 방문 상담 차량의 교내 진입 주차 시설을 전면 통제해 극심한 불편과 담임 상담 조치 혜택 방치 소외감을 유발하는 고압적 규정입니다,기타,보통,external_prompt_round2,낮음
가정통신문 알리미 앱 서버 오류로 내일 준비물 공지가 밤늦게 전달되어 퇴근 후 문구점을 헤매는 양육 스트레스와 아이 꾸중 눈물을 유발하는 불량 시설입니다,기타,보통,external_prompt_round2,보통
의무 예방 교육을 강당 바닥 소음 속 동영상 틀어주기 형식 실적 채우기로 방치해 정작 실제 폭력 위험 대처법 안내 부족 실망을 키우는 부실 프로그램입니다,기타,높음,external_prompt_round2,낮음
매점 판매 가공식품 대기업 독점 비율 100%로 품목 다양성 선택 권리를 침해하고 불량 배아픔 학습 의욕 저하 입찰 과정 비공개 소통 부족 상태입니다,기타,보통,external_prompt_round2,낮음
청소 시간 자욱한 복도 먼지 속 마스크 지도 없이 강제 청소 가학 노동 환경으로 아이 눈따가움 머리아픔 만성 피로를 느끼게 만드는 구시대 청소 방식입니다,기타,보통,external_prompt_round2,낮음
방학 캠프 취소 공지를 개강 전날 밤 일방 문자 통보해 맞벌이 양육 일정 붕괴 피마름과 아이 혼자 집 방치 우울 눈물을 유발한 부실 행정 처리입니다,기타,낮음,external_prompt_round2,보통
영재 학급 선발 시험 출제 오류 채점 기준 비공개 이의 제기 원천 봉쇄 소통 부족으로 아이 학습 의욕 완전 꺾임 교실 눈물 불신을 조장하는 밀실 행정입니다,기타,보통,external_prompt_round2,보통
체육 대회 특혜 배치 간식 지급으로 대다수 일반 학생 들러리 취급 뙤약볕 스탠드 방치 정서적 소외감 학대 상처 눈물을 유발하는 안일한 행정입니다,기타,보통,external_prompt_round2,낮음
정서 특성검사 관심군 학생 명단 비밀 관리 소홀 유출로 교실 내 왕따 위험 인권침해 등교 거부 트라우마 심장 내려앉음 보안 시스템 부실 사태입니다,기타,높음,external_prompt_round2,보통
도서관 무인 대출 키오스크 UI 시설 오작동 복잡함 안내 부족으로 책 대출 20분 소요 독서 학습 의욕 저하 가슴 답답함 시설 보수를 원합니다,기타,낮음,external_prompt_round2,낮음
초빙 외부 강사의 편견 차별 발언으로 수업 아이들 정서적 학대 정신적 충격 교실 지옥 눈물 자질 검증 소통 부족 자격 블랙리스트 지정을 요구합니다,기타,보통,external_prompt_round2,보통
운영위원회 회의록 핵심 안건 예산 내역 블라인드 처리 형식 눈속임 행정 폐쇄성 불신 가슴 답답함 안내 부족 원본 영수증 첨부 전면 공개를 항의합니다,기타,낮음,external_prompt_round2,낮음
교육 급여 지원 신청 종이 안내문을 무분별 배포해 가난 낙인 걱정 불안 정서적 상처 등교 거부 개인정보 생활지도 소홀 전산 시스템 수정을 촉구합니다,기타,낮음,external_prompt_round2,보통
학급 환경미화 예산 현실화 부족 부담을 임원 부모 사치 경쟁 유발 경제적 과제 부담 스트레스 돈 따르는 학습 의욕 저하 불법 찬조 묵인 행정입니다,기타,보통,external_prompt_round2,낮음
인기 특별 프로그램 참가 선발 기준 선착순 모바일 접수 서버 1초만 터짐 기회 박탈 안내 부족 불평등 소통 부족 추첨제 배정 시스템 개선을 원합니다,기타,낮음,external_prompt_round2,낮음
교내 백일장 심사 교사들의 본인 학급 동아리 몰아주기 수상 실적 조작 의혹 정서적 학대 허탈감 피거꾸로 분노 학습 의욕 저하 블라인드 심사 요구입니다,기타,보통,external_prompt_round2,보통
학습 전용 앱 업데이트 오류 동기화 실패 미제출 감점 불이익 기술 결함 고압 응대 태도 과제 부담 억울함 만성 피로 눈물 시스템 무상 시설 보수 원합니다,기타,보통,external_prompt_round2,낮음
선도위 처벌 수위 권력 자녀 경고 일반 학생 사회봉사 고무줄 잣대 불평등 도덕성 상실 극심 불신 불안 무서워함 가슴 답답 양형 원본 공개를 요구합니다,기타,보통,external_prompt_round2,보통
생기부 입력 마감 셀프 세특 작성 강요 폐단 과제 부담 극에 달함 직무유기 학대 방임 입시 불이익 걱정 밤새 눈물 사교육 대필 추가 비용 전수조사 원합니다,기타,보통,external_prompt_round2,보통
동아리 활동비 증빙 절차 낙후 규격 불일치 반려 행정 과제 부담 스트레스 안내 부족 관료주의 횡포 연구 진도 방해 가슴 답답 사진 업로드 시설 원합니다,기타,낮음,external_prompt_round2,낮음
재학증명서 발급기 시설 행정실 내부 설치 오후 4시 반 종료 문잠금 방거후 학생 발급 사각지대 시간 쫓김 불이익 위험 퇴근 우선 소통 부족 항의합니다,기타,높음,external_prompt_round2,낮음
학생회 선거 공약 사전 검열 민주주의 침해 자율 비판 사고 가로막음 독재 검열 소통 부족 짜고 치는 고스톱 허탈감 학습 의욕 저하 자유 공약 원합니다,기타,높음,external_prompt_round2,낮음
교육 경비 자동이체 출금 날짜 사전 공지 안내 부족 무작위 출금 가계 재정 혼란 알림 문자 누락 시스템 오류 미납자 자책 교실 무서워함 시설 조치 요구입니다,기타,낮음,external_prompt_round2,낮음
다중 시설 이용 수칙 영어 한문 표기 한글 안내 부족 저학년 다문화 가정 규칙 이해 못함 이용 제한 불이익 면박 방치 눈물 한글 병기 시설 개선 바랍니다,기타,낮음,external_prompt_round2,낮음
사설 모의고사 비용 시중보다 터무니 비쌈 성적 분석 부실 단순 등수 표기 불신 가득 소통 부족 피드백 거부 문제풀이 과제 부담 학습 의욕 저하 중단 요구입니다,기타,보통,external_prompt_round2,낮음
