text,category
오늘 점심 급식에 나온 돈가스가 다 식어서 차갑게 나왔다고 아이가 집에 와서 이야기했습니다. 배식 시간이 늦어진 건지 아니면 보온 관리 자체가 안 되고 있는 건지 궁금합니다. 추운 날씨에는 따뜻한 음식이 나와야 아이들도 잘 먹고 든든하게 오후 수업을 받을 텐데 아쉬운 마음이 큽니다. 배식 온도 관리에 좀 더 신경 써주셨으면 합니다.,급식
어제 급식으로 나온 멸치볶음에서 머리카락으로 보이는 이물질이 나왔다는 이야기를 아이에게 전해 들었습니다. 조리 과정에서 위생 관리가 제대로 되고 있는지 매우 걱정이 됩니다. 위생모와 위생장갑 착용 같은 기본적인 위생 수칙이 철저히 지켜지고 있는지 확인 부탁드립니다. 다시는 이런 일이 발생하지 않도록 점검해 주셨으면 합니다.,급식
저희 아이는 새우 알레르기가 있는데 지난주 급식 메뉴에 새우튀김이 나왔던 날 사전 안내가 전혀 없어서 정말 놀랐습니다. 다행히 아이가 스스로 알아채고 먹지 않았지만 자칫 큰일이 날 뻔했습니다. 알레르기를 유발할 수 있는 식재료가 들어간 메뉴는 미리 가정통신문이나 알림장으로 꼭 알려주시기 바랍니다. 아이의 안전과 직결된 문제이니 신중하게 처리해 주세요.,급식
우리 애한테 물어보니까 요즘 급식에 면이나 밥만 나온다고 하네요 이렇게 탄수화물만 주구장창 멕이면 애들 성장은 어떡하나요? 선생님이 보시기에도 이게 정상으로 보이나요? 이거 심각하게 보면 아동학대까지 갈 수 있어요 지금 교장실로 들어가서 따지고 싶은 거 일 때메 간신히 참습니다^^ 애아빠도 화가 많이 났어요 담주까지 개선 없을 시 교육청에 신고하겠습니다^^,급식
지난주 수요일 급식에서 밥에 작은 돌이 섞여 있어서 아이가 씹다가 이가 시렸다고 말했습니다. 다행히 크게 다친 곳은 없었지만 아이도 저도 많이 놀랐습니다. 쌀을 세척하고 검수하는 과정에서 이물질 관리가 좀 더 철저해질 필요가 있어 보입니다. 같은 일이 반복되지 않도록 재발 방지 조치를 부탁드립니다.,급식
애가 오늘 집에 와서 배가 고프다고 하네요 이게 맞나요? 학교에서 애한테 많이 맥여서 보내야지 집에 와서도 배고프다고 하는 게 말이되나요? 당장 급식 아주머니들 경고 주세요 제 자식 새끼하나 배부르게 못 먹이는 직원들은 필요 없습니다. 선생님이 자녀가 없어서 그런가 이 사태의 심각성을 모르네요^^ 자식 둔 어미로써 이거 저 용납 못합니다 피드백 해주세요,급식
오늘 급식에 나온 우유에서 상한 냄새가 났다고 같은 반 여러 명의 아이들이 이야기했다고 합니다. 다행히 마시기 전에 알아채서 큰 탈은 없었지만 보관 온도 관리가 걱정스럽습니다. 우유의 유통기한과 냉장 보관 상태를 다시 한번 꼼꼼히 점검해 주시기 바랍니다. 식중독으로 이어질 수 있는 부분이라 빠른 확인을 부탁드립니다.,급식
저희 아이가 평소 편식이 심한 편인데 급식 시간마다 억지로 다 먹이려고 하셔서 식사 시간이 스트레스라고 합니다. 이런 강압적인 분위기는 아이에게 부담이 될 수 있습니다. 우리 아이는 왕의 DNA를 가진 애라서 이렇게 대하시면 안돼요~~ 적당한 선에서 부드럽게 지도해 주시면 좋겠습니다. 아이가 급식 시간을 더 이상 두려워하지 않았으면 합니다. 왕의 DNA를 가진 아이니까요~~,급식
요즘 급식실에 파리가 자주 보인다고 아이가 며칠째 이야기해서 걱정이 됩니다. 날씨가 더워지면서 위생 관리에 더욱 신경 써야 할 시기인 것 같습니다. 방충망 상태 점검이나 방역 작업이 제때 이루어지고 있는지 확인 부탁드립니다. 아이들 건강과 직결되는 문제인 만큼 빠른 조치를 부탁드립니다.,급식
급식 메뉴에 매운 음식이 자주 나와서 저학년 아이들이 잘 못 먹고 있다는 이야기를 여러 학부모에게서 들었습니다. 매운맛 정도를 조금 조절해 주시거나 순한 메뉴를 함께 병행해 주실 수 있을지 여쭤봅니다. 아이들마다 매운 음식에 대한 적응력이 다르다는 점도 함께 고려해 주시면 좋겠습니다. 식단 구성에 참고해 주시기 바랍니다.,급식
지난주 목요일 급식에 나온 닭갈비가 너무 짜서 아이가 거의 손을 대지 못했다고 합니다. 나트륨 섭취가 과도해지면 한창 자라는 아이의 건강에도 좋지 않을 것 같아 걱정이 됩니다. 조리할 때 간을 좀 더 순하게 조절해 주실 수 있는지 여쭤봅니다. 염도 관리에 좀 더 신경 써주시면 감사하겠습니다.,급식
급식 배식 줄이 너무 길어서 저학년 아이들은 줄 서는 데만 점심시간의 절반을 써버린다는 이야기를 들었습니다. 천천히 씹어 먹을 시간도 부족해 아이가 항상 급하게 먹고 들어온다고 합니다. 배식 동선이나 시간 운영 방식을 좀 더 효율적으로 개선해 주실 수 있을까요. 아이들의 식사 시간이 충분히 보장되었으면 합니다.,급식
아이가 급식으로 나온 김치찌개에서 비린내가 심하게 났다고 말했습니다. 사용된 식재료의 신선도에 문제가 있었던 것은 아닌지 걱정이 됩니다. 식자재를 검수하는 과정을 한 번 더 꼼꼼히 확인해 주시면 좋겠습니다. 아이들이 안심하고 먹을 수 있는 급식이 되었으면 하는 바람입니다.,급식
저희 아이는 우유 알레르기가 있어서 매번 우유를 빼달라고 사전에 신청했는데 지난주에만 두 번이나 우유가 그대로 식판에 올라왔습니다.. 다행히 마시지는 않았지만 관리가 제대로 되지 않는 것 같아 매우 불안합니다~~ 알레르기가 있는 학생 명단 관리를 다시 한번 철저히 점검해 주시기 바랍니다. 아이의 안전과 직결된 문제라 꼭 부탁드립니다.^^,급식
급식실 식탁이 끈적거리고 깨끗하지 않다는 이야기를 아이에게 여러 번 들었습니다. 식사 전후로 위생 관리가 제대로 이루어지고 있는지 궁금합니다. 식탁 소독이나 청소 주기를 한번 점검해 주실 수 있을까요. 아이들이 위생적인 환경에서 편안하게 식사할 수 있도록 부탁드립니다.,급식
최근 급식에 햄이나 소시지 같은 가공식품이 너무 자주 나오는 것 같습니다. 첨가물이 많이 들어간 음식보다는 자연 식재료 위주의 식단이 아이 건강에 더 좋을 것 같아 말씀드립니다. 식단을 구성하실 때 영양 균형을 한 번 더 고려해 주시면 감사하겠습니다. 학부모들의 의견도 함께 반영해 주시면 좋겠습니다.,급식
지난 4월 9일 급식에 나온 멸치국물에서 비린 맛이 너무 강해서 아이가 거의 다 남기고 왔다고 합니다. 육수에 사용하는 재료나 조리 방법에 변화를 줄 수 있는지 궁금합니다. 아이들 입맛에 맞는 조리법을 연구해 보시는 것도 필요할 것 같습니다. 참고해 주시면 정말 감사하겠습니다.,급식
급식 후 디저트로 나온 과일이 덜 익었거나 상태가 좋지 않았다는 이야기를 여러 차례 들었습니다. 신선한 과일이 제때 공급되고 있는지 확인 부탁드립니다. 아이들이 맛있고 안심하고 먹을 수 있는 상태의 과일이 제공되었으면 합니다. 식자재 품질 관리에 좀 더 신경 써주시기 바랍니다.,급식
저희 아이 반에서 식중독이 의심되는 증세를 보인 아이가 최근 두 명이나 있었다고 들었습니다. 같은 반 학부모로서 매우 불안한 마음이 큽니다. 정확한 원인 파악과 함께 학부모들에게도 상황을 공지해 주셨으면 합니다. 급식 위생 점검 결과를 알려주시면 한결 안심이 될 것 같습니다.,급식
급식 시간에 짝꿍 친구가 음식을 던지거나 장난을 쳐서 식사 분위기가 매우 어수선하다고 아이가 말했습니다. 식사 예절에 대한 지도가 좀 더 필요해 보입니다. 안전하고 차분한 분위기에서 식사할 수 있도록 배식 시간 지도를 부탁드립니다. 다른 아이들도 함께 불편함을 느끼고 있는 것 같습니다.,급식
애가 저번주 화욜에 나온 카레가 너무 맛이 없다구 하네용 ㅠㅠ 거의 다 남겼다고 하던데.. 적어도 애가 먹을 수 있게는 만들어야 하는 거 아닌가 싶네용 ㅠㅠ 애가 자꾸 급식 너무 맛이 없대용 애기 아빠도 이건 아니라고 하는데 선생님께서 특별히 신경써주시면 해용 ㅠㅠ 저희 애기 입에 별로 였다면 다른 친구들도 별로 먹지 않았을텐데 아이공 ㅠㅠ,급식
아이가 급식 트레이가 깨끗하게 세척되지 않은 채로 나온 적이 있다고 말했습니다. 식판 구석구석에 기름때가 그대로 남아 있는 트레이를 받아 들고 찝찝했다고 합니다. 식기 세척 상태를 다시 한번 점검해 주시기 바랍니다. 앞으로는 위생적인 식기 관리가 꾸준히 잘 이루어졌으면 합니다.,급식
저희 아이가 땅콩 알레르기가 있는데 영양 표시판에 알레르기 유발 식품 표기가 너무 작거나 잘 안 보이는 곳에 있다고 합니다. 아이가 직접 확인하기 어려운 위치라 늘 불안합니다. 표시판의 위치나 글씨 크기를 좀 더 잘 보이게 개선해 주실 수 있을까요. 알레르기가 있는 아이들의 안전을 위해 꼭 부탁드립니다.,급식
급식 메뉴 중 생선 요리에서 가시가 제대로 제거되지 않아 아이가 먹다가 목에 걸릴 뻔했다고 합니다. 그 이야기를 듣고 정말 많이 놀랐고 걱정이 됩니다. 생선을 손질하는 과정에서 가시 제거를 좀 더 꼼꼼히 해주시기 바랍니다. 특히 저학년 아이들에게는 더욱 신경 써주셨으면 합니다.,급식
요즘 들어 급식 잔반이 유난히 많이 남는다는 이야기를 아이를 통해 자주 듣습니다. 아이들이 별로 좋아하지 않는 메뉴가 반복되는 것은 아닌지 궁금합니다. 학생 대상 설문조사를 통해 선호 메뉴를 식단에 반영해 주실 수 있을까요. 정기적인 식단 만족도 조사도 함께 해주시면 좋겠습니다.,급식
급식실에서 배식해 주시는 조리사 선생님께서 마스크를 제대로 착용하지 않은 모습을 봤다고 아이가 이야기했습니다. 위생 수칙이 잘 지켜지고 있는지 걱정이 됩니다. 조리 종사자분들의 위생 관리 교육을 다시 한번 점검해 주시기 바랍니다. 아이들 건강과 직결된 부분이니 신경 써주시기를 부탁드립니다.,급식
지난달부터 급식에 나오는 빵이 자주 딱딱하게 굳어 있다는 이야기를 여러 번 들었습니다. 빵을 보관하는 방법이나 납품받는 유통 과정에 문제가 있는 것은 아닌지 궁금합니다. 신선한 상태로 빵이 제공될 수 있도록 점검을 부탁드립니다. 아이들이 부드럽고 맛있게 먹을 수 있었으면 합니다.,급식
저희 아이 반은 급식 순서가 항상 마지막이라 식사 시간이 너무 짧다고 불만을 이야기합니다. 다른 반과 배식 순서를 번갈아 가며 운영해 주실 수 있는지 궁금합니다. 모든 학년이 공평하게 충분한 식사 시간을 가질 수 있었으면 합니다. 배식 순서 운영 방식을 한번 검토해 주시기 바랍니다.,급식
급식 메뉴표와 실제로 나온 음식이 자주 다르다는 이야기를 다른 학부모들에게도 들었습니다. 알레르기가 있는 아이들은 식단표를 보고 미리 대비를 하는데 이런 불일치는 혼란을 일으킬 수 있습니다. 식단표와 실제 메뉴를 일치시켜 주시거나 변경이 생길 경우 사전 안내를 부탁드립니다. 정확한 정보 제공이 무엇보다 중요한 것 같습니다.,급식
제가 오늘 퇴근하고 오니까 애가 급식에서 나온 요플레를 주더군요. 근데 유통기한이 당장 오늘이네요. 영양사분 제정신입니까? 제가 일만 아니면 당장 따지러 갈 거 간신히 참았습니다. 애들이 이런 유제품 잘못 먹고 탈 나면 선생님께서 보상이라도 해주실건지요 이렇게 애들을 무책임하게 관리하셔도 되는 겁니까? 한번만 더 이런 일이 발생하면 그때는 문자로는 안 끝납니다.,급식
급식 시간에 배식을 도와주시는 봉사자분께서 아이들에게 다소 짜증 섞인 말투로 대하셨다는 이야기를 들었습니다. 봉사자분들도 아이들에게 좀 더 친절하게 응대해 주셨으면 좋겠습니다. 아이들이 위축되지 않고 편안하게 식사할 수 있는 분위기가 중요한 것 같습니다. 관련해서 안내 부탁드립니다.,급식
채식을 하는 저희 아이를 위한 대체 메뉴가 거의 제공되지 않아 매일 어려움을 겪고 있습니다. 고기 반찬이 나오는 날에는 밥과 김치만 먹는 경우가 대부분이라고 합니다. 채식을 하는 학생을 위한 대체식 제공이 가능한지 문의드립니다. 다양한 식습관을 가진 아이들을 배려해 주시면 정말 감사하겠습니다.,급식
급식 후 양치하는 시간이 너무 짧아서 아이들이 제대로 양치를 마치지 못하고 교실로 들어간다고 합니다. 충치 예방을 위해서도 양치 시간이 충분히 확보되었으면 좋겠습니다. 점심시간 운영 방식을 조금 조정해 주실 수 있을까요. 아이들의 구강 건강도 함께 신경 써주시기 바랍니다.,급식
저번에 우리 애기가 잡곡밥 먹기 싫어한다고 말씀 드렸죠. 애가 잡곡밥이 나오면 밥을 아예 안 먹는다고. 근데 이게 뭔가요? 오늘 식단에 잡곡밥이 나왔다네요? 전 분명 저번에 경고 드렸습니다. 선생님이 보시기엔 이게 정상으로 보이는지요 저 교육청 갈 준비하겠습니다. 이거 아동학대로 충분히 고소 가능한 거 아시죠? 전 분명 경고 했습니다.,급식
저희 아이가 학교에서 나오는 우유를 마시고 나면 배가 아팠다는 이야기를 최근 들어 자주 합니다. 혹시 유당불내증이 있는 아이들을 위한 대체 음료 제공이 가능한지 궁금합니다. 모든 아이가 똑같은 메뉴를 먹기 어려운 경우도 있다는 점을 함께 고려해 주시면 좋겠습니다. 검토 부탁드립니다.,급식
급식실 바닥에 물기가 많아 미끄러워서 배식을 받던 아이가 넘어질 뻔했다는 이야기를 들었습니다. 물기 관리나 미끄럼 방지 매트 설치가 필요해 보입니다. 안전사고로 이어지기 전에 미리 점검해 주시기 바랍니다. 아이들이 안전하게 이동할 수 있는 급식 환경이 되었으면 합니다.,급식
최근 급식 메뉴에 동일한 국 종류가 일주일에 두세 번씩 반복해서 나오는 것 같습니다. 식단의 다양성이 다소 부족한 것은 아닌지 궁금합니다. 영양사 선생님께서 메뉴를 구성하실 때 다양성도 함께 고려해 주시면 감사하겠습니다. 아이들이 급식 시간을 좀 더 즐겁게 느꼈으면 합니다.,급식
급식소에서 조리할 때 사용하는 식용유에서 평소와는 다른 냄새가 났다는 이야기를 아이에게 전해 들었습니다. 식용유 교체 주기나 보관 상태가 걱정스럽습니다. 식자재 관리 상태를 한번 꼼꼼히 점검해 주시면 좋겠습니다. 작은 변화라도 아이들은 의외로 민감하게 느끼는 것 같습니다.,급식
아이가 급식 시간에 좋아하지 않는 반찬을 강제로 한 숟갈씩 먹게 하는 규칙이 너무 부담스럽다고 말했습니다. 골고루 먹는 습관을 들이려는 취지는 충분히 이해하지만 아이마다 적응 속도가 다를 수 있을 것 같습니다. 조금 더 유연한 지도 방식을 고려해 주시면 좋겠습니다. 아이가 급식 시간을 즐겁게 느꼈으면 합니다.,급식
지난주 화요일 3교시 체육 시간이 끝난 직후 운동장에서 같은 반 친구와 부딪혀 아이가 손목을 다쳤습니다. 보건실에서 응급처치는 받았지만 병원 진료가 필요해 보여 걱정이 큽니다. 사고 당시 정확한 상황과 안전 지도가 어떻게 이루어졌는지 자세한 설명 부탁드립니다. 재발 방지 대책도 함께 안내해 주시면 감사하겠습니다.,생활지도_안전
최근 한 달 동안 같은 반 친구 몇 명이 저희 아이를 은근히 따돌리고 있다는 사실을 뒤늦게 알게 되었습니다. 단체 채팅방에서도 아이만 빼고 따로 대화를 나눈다고 합니다. 아이가 학교 가는 것을 점점 꺼리고 있어서 마음이 무겁습니다. 학교 차원에서 조속히 상황을 파악하고 조치해 주시기 바랍니다.,생활지도_안전
하교 시간대 교문 앞 횡단보도에 신호를 위반하는 차량이 많아 아이들이 위험하다는 이야기를 여러 학부모에게 들었습니다. 등하교 시간대에 교통 지도 인력 배치가 시급해 보입니다. 큰 안전사고가 발생하기 전에 미리 대책을 마련해 주시기 바랍니다. 학부모 모니터링단 운영도 함께 고려해 주시면 좋겠습니다.,생활지도_안전
지난주 화요일 쉬는 시간에 복도에서 뛰어다니던 학생과 부딪혀 저희 아이가 코피가 났다고 합니다. 복도에서 뛰지 않도록 하는 지도가 평소보다 더 필요해 보입니다. 다행히 큰 부상은 아니었지만 자칫 잘못하면 큰 사고로 이어질 수 있었습니다. 복도 안전 교육을 다시 한번 강화해 주시기 바랍니다.,생활지도_안전
같은 반 남학생이 저희 딸의 외모를 두고 지속적으로 놀린다는 이야기를 최근에 듣게 되었습니다. 그 일로 스트레스를 받아서인지 아이의 말수가 눈에 띄게 줄었습니다. 학교폭력으로 번지기 전에 담임 선생님께서 빠르게 개입해 주셨으면 합니다. 상담을 통한 정확한 사실 확인을 부탁드립니다.,생활지도_안전
과학실에서 진행된 실험 수업 중 아이가 화학약품 냄새를 맡고 잠시 어지러움을 느꼈다고 합니다. 실험실 환기 시설이 제대로 작동하고 있는지 확인이 필요해 보입니다. 실험실 안전 수칙이 잘 지켜지고 있는지도 함께 점검 부탁드립니다. 아이들의 건강과 안전이 무엇보다 최우선되었으면 합니다.,생활지도_안전
선생님~~ 그 등굣길에 있는 주공 4단지 주상 복합 지금 공사중인 거 아시죠?~~ 저희 애가 여길 등교할 때마다 지나가는데 안전장치가 너무 허술한 것 같아 걱정이 매우 많이 되네요 ㅠㅠ 이거 학교 차원에서 어떻게 조치 안 될까요??? 선생님들이 등교길을 지도 해주시는 방법 같은거요 너무 걱정이 되네요 ㅠㅠ,생활지도_안전
체육 시간에 축구를 하다가 같은 반 친구가 찬 공에 맞아 안경이 깨지면서 아이 눈가에 상처가 났습니다. 보호 장비 없이 진행되는 체육 활동의 안전 관리가 매우 걱정됩니다. 사고가 일어난 경위와 함께 재발 방지 대책을 알려주시기 바랍니다. 병원비 처리 관련해서도 함께 안내 부탁드립니다.,생활지도_안전
최근 SNS에서 같은 학년 학생들이 저희 아이를 비방하는 글을 올렸다는 것을 알게 되어 매우 놀랐습니다. 사이버 폭력에 해당할 수 있는 상황이라 걱정이 큽니다. 학교 차원에서 사실관계를 면밀히 확인하고 적절한 조치를 취해 주시기 바랍니다. 아이가 정신적으로 많이 힘들어하고 있어 빠른 대응을 부탁드립니다.,생활지도_안전
학교 계단에서 아이들이 장난삼아 뛰어 내려가는 모습을 자주 목격한다는 이야기를 들었습니다. 계단에서의 안전사고가 충분히 우려되는 상황입니다. 쉬는 시간마다 계단 이용에 대한 지도를 강화해 주실 수 있을까요. 큰 사고가 발생하기 전에 예방 차원의 지도가 꼭 필요해 보입니다.,생활지도_안전
지난 금요일 미술 시간에 사용한 칼에 아이의 손가락이 베이는 사고가 있었습니다. 다행히 깊은 상처는 아니었지만 도구를 사용하기 전 안전 교육이 충분했는지 궁금합니다. 위험한 도구를 다루는 수업에서는 사전 안전 지도가 더욱 철저했으면 합니다. 앞으로의 재발 방지 대책도 함께 안내해 주시기 바랍니다.,생활지도_안전
저희 아들이 같은 반 친구 무리에게 자꾸 돈을 빌려주고 계속 돌려받지 못하는 일이 최근 반복되고 있다고 합니다. 혹시 강요에 의한 것은 아닌지 걱정이 큽니다. 학교폭력 여부를 포함해 정확한 상황 파악이 필요해 보입니다. 담임 선생님과의 직접적인 면담을 정식으로 요청드립니다.,생활지도_안전
운동장에 있는 놀이기구 중 그네의 체인이 심하게 녹슬어서 위험해 보인다는 이야기를 아이에게 전해 들었습니다. 시설 점검이 제때 이루어지고 있는지 궁금하고 걱정이 됩니다. 안전사고로 이어지기 전에 시설물 보수가 시급히 필요해 보입니다. 정기적인 안전 점검을 부탁드립니다.,생활지도_안전
학원 차량 승하차 시간과 학교 하교 시간이 겹쳐 교문 앞이 매우 혼잡하다는 이야기를 자주 듣습니다. 차량과 학생들이 뒤엉켜 사고 위험이 높아 보여 불안합니다. 하교 시간대에 교통 정리 인력을 배치해 주시면 좋겠습니다. 안전한 하교 환경을 위해 적극적인 검토를 부탁드립니다.,생활지도_안전
같은 반 친구가 저희 아이의 학용품이나 물건을 자꾸 숨기거나 망가뜨린다는 이야기를 최근 들었습니다. 단순한 장난인지 의도적인 괴롭힘인지 정확한 확인이 필요할 것 같습니다. 아이가 스트레스를 호소하고 있어서 걱정이 많이 됩니다. 학교 차원에서의 면담과 적절한 지도를 부탁드립니다.,생활지도_안전
교실 뒤편 사물함 모서리가 날카롭게 파손되어 있어 아이가 지나가다 부딪힐 뻔했다고 합니다. 시설물 파손 부분에 대한 빠른 보수가 시급해 보입니다. 작은 부분이라도 자칫 안전사고로 이어질 수 있으니 점검 부탁드립니다. 학기 초에 전체 시설에 대한 점검을 한 번 해주시면 좋겠습니다.,생활지도_안전
최근 등교 시간에 교문 앞에서 낯선 성인이 학생들에게 말을 걸었다는 이야기를 듣고 매우 놀랐습니다. 아이들의 안전이 걱정되어 이렇게 말씀드립니다. 등교 시간대에 교문 주변 순찰이나 인력 배치를 강화해 주시기 바랍니다. 학부모들에게도 관련 안내 문자가 필요할 것 같습니다.,생활지도_안전
체육관에서 농구 수업을 하던 중 골대가 심하게 흔들리는 것을 본 아이가 너무 무서웠다고 말했습니다. 시설 고정 상태에 문제가 있는 것은 아닌지 점검이 필요해 보입니다. 큰 사고로 이어지기 전에 시급한 안전 점검을 부탁드립니다. 체육 시설 전반에 대한 확인도 함께 부탁드립니다.,생활지도_안전
저희 아이 반에서 특정 학생을 중심으로 한 따돌림 분위기가 있다는 것을 다른 학부모를 통해 전해 들었습니다. 아직 저희 아이가 직접 당한 것은 아니지만 학급 전체의 분위기가 우려스럽습니다. 학급 내 또래관계에 대한 점검과 인성 교육이 필요해 보입니다. 조속한 확인과 조치를 부탁드립니다.,생활지도_안전
하굣길에 항상 지나는 골목길의 가로등이 고장 나서 어두워 아이 혼자 다니기에 위험하다고 합니다. 겨울철 해가 일찍 지면서 더욱 걱정스러운 상황입니다. 학교에서 관할 구청에 가로등 수리를 요청해 주실 수 있는지 문의드립니다. 아이들의 등하굣길 안전 확보를 위해 꼭 부탁드립니다.,생활지도_안전
음악 시간에 사용하는 리코더를 친구가 입에 댔다는 이유로 위생 문제로 작은 다툼이 있었다고 합니다. 큰 다툼은 아니었지만 학용품 위생에 대한 지도가 필요해 보입니다. 개인 물품 관리에 대한 생활 지도를 부탁드립니다. 작은 갈등이 큰 다툼으로 번지지 않도록 미리 신경 써주시기 바랍니다.,생활지도_안전
체험학습을 위해 버스로 이동하는 중 안전벨트를 매지 않은 학생들이 있었다는 이야기를 아이에게 전해 들었습니다. 인솔 교사의 안전 점검이 충분했는지 걱정이 됩니다. 현장체험학습 시 안전 수칙 준수를 한 번 더 강조해 주시기 바랍니다. 아이들의 안전이 무엇보다 최우선되어야 할 것 같습니다.,생활지도_안전
최근 학교 화장실에서 일부 상급생들이 흡연을 한다는 소문을 들어서 걱정이 많이 됩니다. 사실 여부 확인과 함께 적절한 지도가 필요해 보입니다. 화장실 주변 순찰이나 관리를 강화해 주시기 바랍니다. 아이들 모두가 안전하게 화장실을 이용할 수 있는 환경이 되었으면 합니다.,생활지도_안전
저희 아이가 체육 시간에 철봉에서 떨어져 팔을 다쳤는데 매트 같은 안전장치가 따로 없었다고 합니다. 안전 장비 미비로 인한 사고가 아닌지 매우 우려됩니다. 사고가 일어난 경위 설명과 함께 시설 보완 계획을 알려주시기 바랍니다. 비슷한 사고가 다시 일어나지 않도록 꼭 부탁드립니다.,생활지도_안전
학교 앞 문구점 근처에서 상급생들이 하급생에게 돈을 요구하는 모습을 봤다는 다른 학부모의 제보를 전해 들었습니다. 직접 목격한 것은 아니지만 걱정이 되어 이렇게 말씀드립니다. 등하굣길 주변 지도를 강화해 주시기 바랍니다. 학교폭력 예방 차원에서 정확한 확인을 부탁드립니다.,생활지도_안전
교실에서 단체 줄넘기 수업을 하던 중 줄에 걸려 아이가 넘어지면서 무릎이 까졌네요. 왜 수업시간에 이렇게 위험한 활동을 하는 겁니까? 저희 아이가 이번엔 무릎까진 걸로 다행이지 뭐 무릎이 부러지면 어떡할 뻔 했나요? 선생님이 책임지시나요? 아니잖아요 학부모는 학교에 있을 수도 없는데 선생님께서 잘 봐주셔야 하는 거 아닌가요?,생활지도_안전
최근 저희 아이가 같은 반 친구로부터 욕설이 섞인 말을 자주 듣는다는 이야기를 들었습니다. 처음에는 그냥 장난으로 넘겼지만 점점 정도가 심해지고 있는 것 같습니다. 언어폭력에 해당할 수 있는 상황으로 보여 담임 선생님의 지도를 요청드립니다. 아이의 마음이 더 이상 다치지 않도록 신경 써주시기 바랍니다.,생활지도_안전
학교 후문 쪽 보도블록이 깨져 있어 아이가 걸려 넘어질 뻔했다는 이야기를 들었습니다. 등하굣길 보행 안전에 위협이 되는 부분이라 걱정이 됩니다. 학교 차원에서 시설 보수를 요청하거나 임시 안전 표시를 해주실 수 있는지 문의드립니다. 안전한 보행 환경 조성을 부탁드립니다.,생활지도_안전
체육대회 연습으로 줄다리기를 하다가 아이 손바닥에 밧줄로 인한 화상 자국이 크게 생겼습니다. 장갑 같은 보호 장비 없이 진행된 것은 아닌지 걱정이 됩니다. 활동 전 안전 장비가 충분히 지급되었는지 확인 부탁드립니다. 작은 부상이라도 예방이 무엇보다 우선인 것 같습니다.,생활지도_안전
최근 학교 주변에 배회하는 낯선 차량이 자주 목격된다는 이야기를 다른 학부모들과 나눈 적이 여러 번 있습니다. 아이들 안전이 걱정되어 이렇게 말씀드립니다. 등하교 시간대 학교 주변 순찰을 강화해 주시기 바랍니다. 학부모들에게도 미리 주의 안내 문자를 보내주시면 좋겠습니다.,생활지도_안전
저희 애가 성이 변씨 인데 친구들이 자꾸 변기라고 불러서 지금 자존감이 많이 내려갔어요 제 아이 상처 받은 거 어떻게 보상하실거예요? 저번에 민재가 자꾸 변기라고 불러서 민재 엄마한테도 경고 줬는데 또 이러네요 이젠 선생님도 어느정도 책임이 있지 않겠어요? 애 엄마가 지금 화가 많이 났네요. 선생님께서 확실하게 조치 취해주세요.,생활지도_안전
실과 시간에 칼이나 가위 등을 사용하는 활동에서 안전 수칙에 대한 설명이 부족했다고 아이가 말했습니다. 다친 학생은 없었지만 사전 안전 지도가 더욱 철저해야 할 것 같습니다. 위험한 도구를 사용하는 수업에서는 안전 교육을 항상 우선해 주시기 바랍니다. 참고하시어 진행해 주시면 감사하겠습니다.,생활지도_안전
교실 창문의 잠금장치가 고장 나서 바람이 세게 불면 갑자기 쾅 닫힌다고 합니다. 아이 손이 끼일 뻔했다는 이야기를 듣고 정말 놀랐습니다. 시설 점검과 빠른 수리를 요청드립니다. 교실 내 작은 고장이라도 자칫 큰 안전사고로 이어질 수 있으니 미리미리 신경 써주시기 바랍니다.,생활지도_안전
최근 아이가 단체 채팅방에서 은근히 따돌림성 메시지를 받았다며 휴대폰 화면을 보여줬습니다. 직접적인 욕설은 아니었지만 의도적으로 배제하는 느낌의 내용이었습니다. 사이버상의 또래관계 문제도 학교에서 함께 지도해 주실 수 있는지 문의드립니다. 아이의 마음 건강이 많이 걱정됩니다.,생활지도_안전
"저희 애가 열사병에 걸린 것 같아요 오늘 운동회 하면서 안 그래도 더운 날에 야외에 계속 있었다면서요? 하 참 기가 차서. 이런 건 쌤들이 미리 조치 해주셨어야죠. 이거 방임입니다만? 제가 고려대, 남편이 서울대 법대 나와서 변호사하는데 선생님은 두렵지 않으신가봐요? 조만간 고소장갈 예정이니 그렇게 아세요.",생활지도_안전
하교 도우미 차량을 운행하시는 기사님이 운전 중 휴대폰을 사용하는 모습을 봤다는 다른 학부모의 이야기를 전해 들었습니다. 아이들 안전과 직결되는 문제라 걱정이 큽니다. 통학 차량 안전 관리에 대한 점검을 부탁드립니다. 사실 확인 후 적절한 조치를 취해 주시기 바랍니다.,생활지도_안전
같은 반 친구가 저희 아이에게 지속적으로 시비를 걸고 몸으로 밀치는 행동을 한다고 합니다. 아이가 무섭다고 호소하고 있어서 마음이 정말 아픕니다. 학교폭력 여부를 포함한 정확한 사실 확인을 요청드립니다. 피해를 입은 아이가 안전하게 학교생활을 할 수 있도록 부탁드립니다.,생활지도_안전
체육 시간 피구 수업 중 공에 맞아 안경이 부서지면서 아이 얼굴에 작은 상처가 났습니다. 활동 강도나 규칙 설명이 충분했는지 궁금하고 걱정이 됩니다. 사고가 일어난 경위와 함께 향후 안전 대책을 안내해 주시기 바랍니다. 안경 파손에 대한 보상 절차도 함께 안내 부탁드립니다.,생활지도_안전
교내 공사로 인해 일부 통로가 막혀 있는데 안전 표지판이 제대로 설치되어 있지 않다는 이야기를 들었습니다. 아이들이 모르고 그대로 지나가다 위험할 수 있을 것 같습니다. 공사 구간에 대한 안전 표시와 우회 안내를 강화해 주시기 바랍니다. 공사 기간 동안 각별한 주의를 부탁드립니다.,생활지도_안전
새 학기가 시작된 지 한 달이 지났는데도 아직까지 담임 선생님의 연락처나 비상 연락 방법을 안내받지 못했습니다. 급한 일이 생겼을 때 연락할 방법이 없어서 매우 불편합니다. 학기 초 가정통신문을 통해 관련 안내를 부탁드립니다. 학부모와의 원활한 소통 체계가 마련되었으면 합니다.,기타
아이가 다니는 학교 정문 앞에 불법 주정차 차량이 많아 등하굣길이 항상 혼잡하고 위험합니다. 학교 차원에서 단속이나 안내 캠페인을 진행해 주실 수 있는지 문의드립니다. 주변 상가와의 협조도 함께 필요해 보입니다. 쾌적하고 안전한 등하교 환경을 위해 검토를 부탁드립니다.,기타
학교 알림장 앱에 공지된 준비물과 실제 수업 시간에 필요한 준비물이 달라서 혼란스러웠던 적이 여러 번 있었습니다. 정보를 전달하는 과정에서 오류가 있는 것은 아닌지 확인 부탁드립니다. 정확한 정보 전달이 학부모들에게는 매우 중요한 부분입니다. 관련 시스템 점검을 요청드립니다.,기타
방과후학교 프로그램 신청 기간을 놓쳐서 아이가 원하는 수업을 듣지 못하게 되었습니다. 신청 기간 안내가 좀 더 명확하고 충분한 시간을 두고 이루어졌으면 좋겠습니다. 혹시 추가로 신청할 수 있는 기회가 있는지도 함께 문의드립니다. 다음 학기에는 미리 안내해 주시면 감사하겠습니다.,기타
학교 홈페이지에 공지된 행사 일정과 실제로 배부된 가정통신문에 적힌 내용이 서로 일치하지 않아 혼선이 있었습니다. 정보가 통일되지 않으면 학부모들이 큰 혼란을 겪게 됩니다. 공지 채널 간 정보를 일치시켜 주시기 바랍니다. 앞으로는 두 채널 모두 정확하고 일관된 안내를 부탁드립니다.,기타
학부모 상담 주간에 맞춰 미리 신청을 했는데 아직까지 구체적인 일정 안내를 받지 못했습니다. 직장 일정을 미리 조율해야 해서 빠른 확인이 꼭 필요합니다. 상담 일정을 최대한 빨리 안내해 주시기 바랍니다. 원활한 학부모 소통을 위해 좀 더 신경 써주시면 정말 감사하겠습니다.,기타
학교 도서관 운영 시간이 너무 짧아서 아이가 원하는 책을 빌릴 시간이 늘 부족하다고 합니다. 방과 후에도 이용할 수 있도록 운영 시간 연장을 검토해 주실 수 있을까요. 독서 활동을 장려하는 차원에서도 필요해 보입니다. 학생들의 다양한 의견도 함께 수렴해 주시면 좋겠습니다.,기타
교복 공동구매 업체를 선정하는 과정이 투명하지 않다는 이야기를 다른 학부모들과 나눈 적이 있습니다. 선정 기준이나 절차에 대한 안내가 부족했던 것 같습니다. 공동구매와 관련된 정보를 좀 더 명확히 공개해 주시기 바랍니다. 학부모들의 신뢰를 위해서도 필요한 부분인 것 같습니다.,기타
아이 학급의 학급비 사용 내역에 대한 안내를 받은 적이 없어서 어떻게 쓰이고 있는지 궁금합니다. 투명한 회계 관리를 위해 정기적인 사용 내역 공개를 부탁드립니다. 학부모들이 안심할 수 있도록 안내해 주시면 감사하겠습니다. 작은 부분이지만 신뢰와 직결되는 문제인 것 같습니다.,기타
교내 와이파이 환경이 좋지 않아 온라인 수업이나 디지털 교과서를 활용할 때마다 아이가 불편을 겪는다고 합니다. 디지털 학습 환경에 대한 개선이 필요해 보입니다. 인프라 점검과 보완을 요청드립니다. 원활한 온라인 수업과 학습 진행을 위해 빠른 점검과 검토를 부탁드립니다.,기타
학교 주변에 분리수거함이 부족해서 등하굣길에 쓰레기가 방치되어 있는 모습을 자주 보게 된다고 합니다. 환경 미화 차원에서의 관리가 필요해 보입니다. 학교 차원에서 관할 기관에 협조를 요청해 주실 수 있을까요. 아이들을 위한 깨끗하고 쾌적한 통학 환경 조성을 부탁드립니다.,기타
학년 초에 미리 받은 학습준비물 목록과 실제 수업에 필요한 물품이 달라서 추가로 구입해야 하는 경우가 많았습니다. 준비물 목록을 좀 더 정확하게 안내해 주시면 좋겠습니다. 불필요한 지출을 줄이는 차원에서도 꼭 필요한 부분인 것 같습니다. 다음 학기에는 신경 써주시기 바랍니다.,기타
학교 행사 사진을 찍어 학부모들에게 공유해 주시는데 다른 아이들의 얼굴이 모자이크 없이 그대로 노출되어 있어 초상권이 걱정됩니다. 사진을 공유하기 전에 동의 절차가 있었는지 궁금합니다. 개인정보 보호 차원에서 안내 절차를 확인해 주시기 바랍니다. 신중한 처리를 부탁드립니다.,기타
학교 강당의 에어컨이 자주 고장 나서 큰 행사가 있을 때마다 너무 덥다는 이야기를 들었습니다. 시설 노후화로 인한 불편이 반복되고 있는 것 같습니다. 시설 보수 예산을 확보하여 점검해 주실 수 있는지 문의드립니다. 다음 행사부터는 더 쾌적한 환경에서 차질 없이 진행되었으면 합니다.,기타
신학기가 시작된 후 교과서 배부가 늦어져서 아이가 한동안 교과서도 없이 수업을 들어야 했던 일이 있었습니다. 학습에 차질이 생기지 않을지 걱정이 됩니다. 교과서 배부 일정을 좀 더 철저히 관리해 주시기 바랍니다. 학기 초마다 이런 혼란이 다시 생기지 않도록 부탁드립니다.,기타
학부모 총회 일정이 매번 평일 오전으로만 잡혀 있어 맞벌이를 하는 가정은 참석하기가 매우 어렵습니다. 다양한 가정 환경을 고려한 일정 운영이 필요해 보입니다. 저녁 시간대나 온라인 참여 방식도 함께 검토해 주실 수 있을까요. 더 많은 학부모가 참여할 수 있는 방안을 부탁드립니다.,기타
학교 정문에 설치된 출입 시스템이 자주 오류가 나서 학부모 인증이 잘 안 되는 경우가 많다는 이야기를 들었습니다. 방문이 필요한 상황에서 큰 불편을 겪었습니다. 시스템 점검과 개선을 요청드립니다. 원활한 학부모 출입 관리를 위해 빠른 시일 내에 신경 써주시기 바랍니다.,기타
아이 학급 게시판에 다른 학생의 성적이나 등수가 그대로 공개되어 있는 것을 보고 깜짝 놀랐습니다. 학생 개인정보 보호 차원에서 매우 부적절해 보입니다. 게시 방식에 대한 재검토를 부탁드립니다. 아이들의 자존감에도 영향을 줄 수 있는 부분이라 신중히 처리해 주시기 바랍니다.,기타
학교 앞 보행로에 가림막이 따로 없어 미세먼지가 심한 날에도 아이들이 그대로 노출된 채로 등하교를 합니다. 환경 개선을 위한 시설 보완이 필요해 보입니다. 관할 기관과 협의하여 개선 방안을 마련해 주시기 바랍니다. 아이들의 호흡기 건강을 위해 적극적인 검토를 부탁드립니다.,기타
전학 절차에 대해 행정실에 문의했는데 담당자마다 안내하는 내용이 조금씩 달라서 매우 혼란스러웠습니다. 행정 처리 과정에서 일관된 안내가 이루어졌으면 합니다. 전학과 관련된 절차를 명확히 정리하여 안내해 주시기 바랍니다. 학부모 입장에서는 정확한 정보가 무엇보다 중요한 것 같습니다.,기타
아이 학교의 가정통신문이 행사 직전에야 너무 늦게 배부되어 준비물이나 일정을 미리 챙기기가 어려웠습니다. 적어도 며칠 전에는 안내가 이루어졌으면 좋겠습니다. 가정통신문 배부 일정을 좀 더 여유 있게 조정해 주시기 바랍니다. 학부모들의 준비 시간을 고려해 주시면 감사하겠습니다.,기타
학교 운동장의 조명 시설이 노후화되어 저녁 시간에 진행되는 행사 때마다 어두워서 불편했다는 이야기를 들었습니다. 시설 점검과 보수가 시급히 필요해 보입니다. 안전과도 관련된 부분이니 예산을 확보하여 개선해 주시기 바랍니다. 안전하고 쾌적한 시설 환경을 위해 부탁드립니다.,기타
방과후학교 강사가 사전 안내 없이 갑자기 다른 강사로 바뀌어서 매우 당황스러웠습니다. 아이도 새로운 강사에게 적응하는 데 어려움을 겪고 있는 것 같습니다. 강사가 변경될 때는 사전에 충분히 안내해 주시기 바랍니다. 학부모들의 혼란을 줄이는 차원에서 꼭 필요한 절차인 것 같습니다.,기타
학교 화장실에 휴지나 비누가 자주 다 떨어져 있어 불편하다는 이야기를 아이에게 여러 번 들었습니다. 위생용품 관리가 제대로 이루어지고 있는지 점검 부탁드립니다. 기본적인 위생 환경이 잘 갖춰졌으면 합니다. 작은 부분이지만 아이들의 생활에 직접적인 영향을 미치는 것 같습니다.,기타
학교 누리집에 게시된 학사일정과 실제로 운영되는 일정이 서로 달라 헷갈리는 경우가 종종 있습니다. 최신 정보로 좀 더 자주 업데이트해 주시면 좋겠습니다. 정확한 일정 안내가 학부모들의 일정 관리에 큰 도움이 됩니다. 학사일정 정보 관리에 좀 더 세심하게 신경 써주시기를 바랍니다.,기타
아이 학급에서 진행하는 현장체험학습 비용이 처음 사전 안내보다 갑자기 늘어나서 당황스러웠던 적이 있습니다. 비용이 변경될 때는 미리 충분한 안내가 필요할 것 같습니다. 예산과 관련된 투명한 공개를 부탁드립니다. 각 가정의 경제적 부담을 충분히 고려한 운영이 앞으로 이루어졌으면 합니다.,기타
학교 주변 보행자 도로 곳곳에 자전거가 무분별하게 주차되어 있어 통행이 불편하다는 이야기를 들었습니다. 등하굣길 보행 환경에 대한 개선이 필요해 보입니다. 관할 기관과 협조하여 자전거 거치대 설치 등을 검토해 주시기 바랍니다. 안전하고 쾌적한 통학로가 되었으면 합니다.,기타
학교에 설치된 정수기 물맛이 이상하다는 이야기를 아이에게서 최근 여러 번 들었습니다. 필터 교체 주기나 관리 상태가 궁금하고 걱정이 됩니다. 정기적인 수질 점검과 관리가 이루어지고 있는지 확인 부탁드립니다. 아이들이 언제든 안심하고 마실 수 있는 물이 제공되었으면 합니다.,기타
학부모의 사전 동의 없이 아이의 그림이나 글쓰기 작품이 외부 대회에 출품된 사실을 뒤늦게 알게 되어 매우 당황스러웠습니다. 사전 동의 절차가 누락된 것 같아 매우 아쉽습니다. 앞으로는 학부모의 동의를 먼저 구해 주시기 바랍니다. 이런 절차상의 신중함이 앞으로는 꼭 필요해 보입니다.,기타
학교 행정실에 필요한 서류 발급을 요청했는데 처리 기간이 안내받은 것보다 훨씬 길어져서 불편을 겪었습니다. 급하게 필요한 서류였는데 일정에 차질이 생겨 난감했습니다. 처리 기간에 대한 정확한 안내와 신속한 처리를 부탁드립니다. 행정 서비스 전반의 개선이 필요해 보입니다.,기타
학교 게시판에 부착된 각종 안내문이 오래되어 떨어지거나 색이 바래서 알아보기 힘든 것들이 점점 많아지고 있습니다. 정기적인 게시물 관리가 필요해 보입니다. 최신 정보로 교체하고 꾸준히 관리해 주시기 바랍니다. 작은 부분이지만 학교의 관리 수준을 보여주는 부분인 것 같습니다.,기타
학교 주차장 공간이 협소해서 학부모 상담이나 큰 행사에 참석할 때마다 주차에 어려움을 겪었습니다. 인근 공영주차장과 연계한 안내라도 해주실 수 있을까요. 행사 시에는 임시 주차 공간에 대한 안내가 필요해 보입니다. 학부모들의 불편을 줄이는 방안을 검토해 주시기 바랍니다.,기타
아이가 잃어버린 물건을 찾기 위해 학교 분실물 보관함을 확인했는데 정리가 전혀 되지 않은 채 그대로 방치되어 있었습니다. 정기적인 분실물 정리와 안내가 필요해 보입니다. 학부모와 학생이 쉽게 확인할 수 있는 시스템을 마련해 주시기 바랍니다. 작은 불편이지만 개선되었으면 합니다.,기타
학교 앞 신호등 대기 시간이 너무 짧아서 저학년 아이들이 길을 건너다가 신호가 바뀌는 경우가 있다고 합니다. 관할 기관에 신호 시간 조정을 요청해 주실 수 있는지 문의드립니다. 등하굣길 안전과 직결되는 문제라 빠른 확인을 부탁드립니다. 아이들의 안전을 최우선으로 고려해 주시기 바랍니다.,기타
학교 행사가 있을 때마다 학부모회 임원분들에게만 역할이 집중되는 것 같다는 이야기를 여러 번 들었습니다. 더 많은 학부모들이 참여할 수 있는 기회가 마련되었으면 합니다. 자율적이고 부담 없는 참여 방식을 고민해 주시기 바랍니다. 다양한 학부모들의 의견이 골고루 반영되었으면 좋겠습니다.,기타
아이 학교에서 사용하는 학습용 앱이 자주 먹통이 되어 숙제를 제때 제출하지 못하는 경우가 종종 있었습니다. 시스템 안정성에 대한 개선이 필요해 보입니다. 관련 업체에 점검을 요청해 주시기 바랍니다. 아이들의 디지털 학습 환경이 앞으로 좀 더 원활하게 운영되었으면 좋겠습니다.,기타
학교에서 보내주신 가정통신문에 오탈자나 잘못된 정보가 종종 발견되어 매번 신경이 쓰입니다. 정보의 정확성이 중요한 만큼 발송 전 검토가 한 번 더 이루어졌으면 합니다. 작은 부분이지만 학교에 대한 신뢰와 관련된 사항인 것 같습니다. 발송 전 꼼꼼한 확인을 부탁드립니다.,기타
학교 동아리 활동 신청 시스템이 너무 복잡해서 아이가 원하는 동아리에 신청하는 데 큰 어려움을 겪었습니다. 좀 더 간편하고 직관적인 신청 절차로 개선해 주실 수 있을까요. 학생들의 의견을 반영한 시스템 개편이 필요해 보입니다. 다음 학기에는 꼭 개선되었으면 좋겠습니다.,기타
학교 운동장에서 미세먼지가 심한 날에도 야외 체육 수업을 그대로 진행하는 경우가 있다고 합니다. 대기질 기준에 따른 실내 대체 수업 운영이 필요해 보입니다. 아이들의 호흡기 건강을 고려한 기준 마련을 부탁드립니다. 미세먼지 농도에 따른 명확한 운영 지침을 안내해 주시면 좋겠습니다.,기타
학교 졸업앨범을 제작하는 업체를 선정하는 과정에서 학부모 의견을 수렴하는 절차가 전혀 없었다는 점이 아쉽습니다. 가격이나 품질에 대한 사전 안내도 부족했던 것 같습니다. 다음에는 학부모 의견을 반영하는 절차를 마련해 주시기 바랍니다. 투명한 진행을 위해 검토 부탁드립니다.,기타
지난주 금요일 급식에 나온 된장찌개에 두부가 거의 없고 건더기가 부실했다는 이야기를 아이에게 들었습니다. 식자재 비용 절감 때문에 양이 줄어든 것은 아닌지 걱정스러운 마음이 듭니다. 영양 기준에 맞는 적정한 식재료가 사용되고 있는지 확인 부탁드립니다. 아이들이 영양가 있는 식사를 할 수 있도록 신경 써주시기 바랍니다.,급식
지난주 미술 수업 시간에 사용한 글루건에 아이 손가락이 살짝 데이는 작은 화상 사고가 있었습니다. 다행히 심하지 않았지만 사용 전 안전 수칙 안내가 충분했는지 궁금합니다. 위험할 수 있는 도구를 사용하는 수업에서는 사전 안전 교육을 더욱 철저히 해주시기 바랍니다. 비슷한 사고가 다시 발생하지 않도록 각별히 신경 써주시면 감사하겠습니다.,생활지도_안전
"지난주 수요일 수학 수업 시간에 아이가 질문을 했는데, 진도가 늦어진다며 그냥 넘어가셨다고 들었습니다. 아이가 수학에 흥미를 잃을까 무척 걱정됩니다. 진도를 빼는 것도 중요하지만 모르는 부분을 짚고 넘어가는 수업 방식이 필요하다고 생각합니다. 혹시 개별적인 질의응답 시간이 따로 있는지 확인 후 답변 부탁드립니다.",수업_학습
어제 영어 단어 시험을 봤는데 하루에 외워야 할 분량이 50개나 된다고 합니다. 초등학생 아이가 감당하기에는 너무 벅찬 숙제량 아닌가요? 아이가 매일 밤 울면서 단어를 외우고 있어서 스트레스가 심합니다. 단어 시험 횟수를 늘리더라도 하루 분량을 조금 줄여주세요.,수업_학습
최근 체육 시간에 밖에서 뛰어노는 활동보다 교실에서 영상만 보는 경우가 너무 많다고 합니다. 성장기 아이들인 만큼 활동적인 체육 수업이 필요하다고 생각합니다. 미세먼지가 없는 날에는 가급적 운동장이나 체육관에서 신체 활동을 할 수 있도록 수업 방식을 조정해 주실 수 있으실까요? 답변 기다리겠습니다.,수업_학습
"이번 미술 과제를 위해 준비해야 하는 준비물 리스트를 보았는데, 일반 문구점에서는 구하기 힘든 재료들이 많습니다. 맞벌이 가정이라 평일에 대형 화방까지 다녀오기가 현실적으로 너무 어렵습니다. 학교에서 이런 건 당연히 준비해야 하는 건 아닌가요? 재료비를 걷어 일괄 구매하거나, 쉽게 구할 수 있는 대체 재료를 허용해 주셨으면 합니다.",수업_학습
"지난 과학 실험 시간에 알코올 램프를 다루다가 아이가 손을 살짝 데일 뻔했다고 합니다. 실험 전에 안전 교육이 충분히 이루어졌는지, 조별로 교사나 보조 인력의 지도가 제대로 진행되고 있는지 궁금합니다. 아이들의 안전과 직결된 문제인 만큼 실험 수업 시 안전 관리에 조금 더 각별한 신경을 써주시길 간곡히 부탁드립니다.",수업_학습
주말마다 제출해야 하는 독서 감상문 과제의 양이 너무 많아서 아이가 주말에도 전혀 쉬지 못하고 있습니다. 책을 읽고 즐거움을 느껴야 할 시기에 오히려 독서에 대한 거부감만 커지고 있는 것 같습니다. 강제적인 독서록 작성보다는 자율적인 독서 활동을 권장하는 방향으로 과제 방식을 변경해 주실 것을 건의드립니다.,수업_학습
이번 사회 수행평가 채점 기준이 다소 모호한 것 같습니다. 저희 아이는 교과서 내용에 충실하게 적었는데도 감점이 되었습니다. 어떤 부분이 부족했는지 아이도 저도 이해하기 어려워 다음 평가를 대비하기가 막막합니다. 수행평가 실시 전에 세부적인 평가 루브릭이나 감점 기준을 학부모와 학생들에게 명확히 공지해 주셨으면 합니다.,수업_학습
"지난주 기말고사 수학 15번 문제에 출제 오류가 있는 것 같습니다. 보기 중에 정답이 없어서 아이가 그 문제에만 10분 넘게 매달리다 다른 문제까지 망쳤다고 속상해하고 있습니다. 이미 시험은 끝났지만, 출제 과정에서 검토가 미흡했던 점은 아쉽습니다. 해당 문제에 대한 전원 정답 처리 및 재발 방지 대책을 묻고 싶습니다.",수업_학습
"이번 중간고사 국어 시험 난이도가 평소보다 지나치게 높게 출제된 것 같습니다. 반 평균이 심각하게 떨어졌다고 들었는데, 아이들이 수업 시간에 배운 내용만으로는 풀기 어려운 문제들이 많았다고 합니다. 변별력도 중요하지만 학습 의욕을 꺾을 정도의 난이도는 지양해 주셨으면 합니다. 다음 시험에서는 난이도 조절을 부탁드립니다.",수업_학습
"사회 조별 과제에서 특정 아이 한두 명만 자료 조사와 발표 준비를 다 하고, 나머지 아이들은 참여하지 않았다고 합니다. 그런데 점수는 조원 모두가 동일하게 받아서 열심히 한 아이가 허탈해하고 있습니다. 선생님들 다 고소할겁니다. 조치 취하세요.",수업_학습
방과 후 컴퓨터 교실 수업의 질이 예전보다 많이 떨어진 것 같습니다. 강사님이 수업 시간에 아이들 진도만 확인하시고 핸드폰만 보신다는 이야기를 아이에게 전해 들었습니다. 돈을 내고 듣는 수업인데 관리가 너무 부실한 것 같아 실망스럽습니다. 방과 후 강사님들에 대한 학교 차원의 주기적인 수업 모니터링을 요청합니다.,수업_학습
"오늘 오전 온라인 줌 수업 중에 접속 불량으로 튕긴 아이들이 많았는데, 선생님께서는 출석을 인정해주지 않으셨다고 합니다. 학교 시스템 문제나 일시적인 통신 오류로 인한 접속 지연인데, 이를 결석으로 처리하는 것은 너무 억울합니다. 접속 기록을 다시 확인해 주시고, 온라인 수업 시 유연한 출결 관리를 부탁드립니다.",수업_학습
"음악 리코더 수행평가 동영상 제출 기한이 수요일 저녁까지인데, 공지를 월요일 오후에 해주셔서 연습할 시간이 턱없이 부족합니다. 아파트에 살고 있어 늦은 저녁에는 층간소음 문제로 리코더를 불 수도 없는 상황입니다. 최소한 일주일 전에는 수행평가 일정을 알려주셔서 아이들이 충분히 연습할 수 있도록 배려해 주시기 바랍니다.",수업_학습
"코딩 정규 수업 진도가 너무 빠르게 나갑니다. 컴퓨터 학원을 다니지 않는 아이들은 용어조차 이해하지 못해 수업 시간 내내 멍하니 앉아만 있다고 합니다. 공교육에서 이루어지는 수업인 만큼, 선행학습을 하지 않은 학생들의 눈높이에 맞춰 기초부터 차근차근 가르쳐 주셨으면 합니다. 보충 자료라도 배부해 주시면 감사하겠습니다.",수업_학습
"매일 내주시는 한자 쓰기 숙제가 아이에게 너무 큰 부담이 되고 있습니다. 한 글자당 10번씩 써야 하는데, 의미를 이해하며 쓰기보다는 그저 칸 채우기에 급급한 단순 노동이 되어버렸습니다. 쓰기 횟수를 줄이더라도 사자성어의 뜻을 이해하고 활용하는 식의 의미 있는 학습 과제로 변경해 주실 수는 없는지 정중히 문의드립니다.",수업_학습
역사 수업이 지나치게 연도와 사건 이름 암기 위주로 진행되어 아이가 역사를 너무 지루한 과목으로 인식하고 있습니다. 흐름을 이해하고 역사적 인물의 입장에서 생각해 보는 토론식 수업이나 시청각 자료를 활용한 수업이 더 늘어났으면 좋겠습니다. 아이들이 우리 역사에 흥미를 가질 수 있도록 수업 방식을 조금 개선해 주세요.,수업_학습
"도덕 시간에 진행된 찬반 토론에서 소수 의견을 낸 아이들에게 선생님께서 면박을 주셨다는 이야기를 들었습니다. 토론 수업은 다양한 의견을 수용하고 논리적으로 설득하는 과정이어야 하는데, 정답이 정해져 있는 것처럼 유도하시는 것은 부적절하다고 봅니다. 자유롭게 발언할 수 있는 수업 분위기를 조성해 주시기를 간곡히 부탁드립니다.",수업_학습
"내일 실과 시간에 요리 실습이 있다고 들었는데, 학교에서 제공하는 조리 도구들의 위생 상태가 매우 불량하다고 아이가 걱정하고 있습니다. 저번 실습 때 프라이팬에 기름때가 그대로 남아 있었다고 하더군요. 식중독 등의 위험이 있으니 실습 전에 조리 기구 소독 및 세척 상태를 철저하게 점검해 주시기를 강력히 요청합니다.",수업_학습
이번 학기 창의적 체험활동 계획표를 보니 대부분 교실에서 종이접기나 영화 시청으로 대체되어 있습니다. 예전처럼 외부 강사를 초빙하거나 야외 생태 체험 등을 기대했는데 너무 부실하게 운영되는 것 같아 실망스럽습니다. 남은 학기 동안이라도 아이들이 다양한 경험을 할 수 있도록 보다 내실 있는 체험 프로그램을 기획해 주세요.,수업_학습
"학교에서 일괄 구매한 한문 부교재의 질이 너무 떨어집니다. 인쇄가 흐릿해서 글자가 잘 보이지 않는 페이지도 많고, 오탈자도 심심치 않게 발견됩니다. 아이들이 공부하는 책인데 검수도 제대로 안 된 교재를 선정한 이유를 모르겠습니다. 다음 학기 부교재 선정 시에는 학부모나 교사들의 꼼꼼한 사전 검토를 거쳐 주시길 바랍니다.",수업_학습
"수학 수업에서 익힘책 풀이 과정을 선생님이 칠판에 적어주기만 하고, 아이들이 각자 푼 것을 채점해주지는 않는다고 합니다. 아이가 틀린 문제를 왜 틀렸는지 모른 채 그냥 넘어가다 보니 비슷한 유형을 계속 틀리고 있습니다. 번거로우시더라도 일주일에 한 번이라도 아이들 익힘책을 걷어서 개별 피드백을 조금씩이라도 적어주셨으면 합니다.",수업_학습
"오늘 영어 듣기 평가 중에 교내 방송 스피커에서 지지직거리는 잡음이 너무 심하게 나서 뒷자리 아이들은 내용을 거의 듣지 못했다고 합니다. 시험 성적에 반영되는 중요한 평가인데 방송 시설 점검을 제대로 하지 않은 것 같습니다. 해당 학급에 한해 재시험을 치르거나, 불이익을 받지 않도록 점수 보정 조치를 취해 주시기 바랍니다.",수업_학습
"최근 치른 국어 논술형 평가 결과지를 받았는데, 점수만 적혀 있고 어떤 부분에서 감점되었는지 첨삭이 전혀 되어 있지 않습니다. 논리력이 부족한 건지 맞춤법이 틀린 건지 알아야 가정에서도 지도를 할 텐데 아쉽습니다. 선생님께서 바쁘시겠지만, 아이들의 글쓰기 능력 향상을 위해 짧은 코멘트라도 꼭 남겨주시길 부탁드립니다.",수업_학습
"과학 시간에 거의 매일 쪽지시험을 본다고 들었습니다. 배운 내용을 복습하는 취지는 이해하지만, 잦은 시험 탓에 아이가 학교 가는 것 자체를 스트레스 받아 하고 있습니다. 쪽지시험 횟수를 일주일에 한 번 정도로 줄이시고, 수업 시간에는 실험이나 탐구 활동에 더 많은 비중을 두어 주시면 감사하겠습니다. 긍정적인 검토 부탁드립니다.",수업_학습
"이번 수준별 이동수업 배정 결과에 대해 불만이 있습니다. 저희 아이는 지난번 시험에서 충분히 심화반에 들어갈 성적을 받았음에도 기초반으로 배정되었습니다. 반 편성 기준이 오직 지난 기말고사 성적순인지, 아니면 다른 평가 요소가 개입된 것인지 명확한 해명을 요구합니다. 기준이 명확하지 않다면 학부모들의 불신만 커질 것입니다.",수업_학습
원어민 선생님과 함께하는 영어 수업 시간에 원어민 교사는 뒤에 서 있기만 하고 한국인 선생님 위주로만 수업이 진행된다고 합니다. 원어민 교사와 직접 대화할 기회가 전혀 없다면 굳이 원어민 수업을 배정한 의미가 없지 않나요? 원어민 교사가 주도적으로 회화 연습을 이끌어갈 수 있도록 수업 방식을 개편해 주셨으면 합니다.,수업_학습
"음악, 미술 같은 예체능 과목의 내신 반영 비율이 너무 높아서 아이들이 국영수보다 예체능 수행평가에 매달리는 주객전도 현상이 발생하고 있습니다. 예체능은 타고난 재능이 영향을 미치는 과목인데, 이를 주요 과목과 동일한 비중으로 평가하는 것은 불합리하다고 봅니다. 예체능 과목은 절대평가로 전환하거나 반영 비율을 축소해 주세요.",수업_학습
방과 후 야간 자율학습 시간에 감독 선생님께서 자리에 안 계시는 경우가 많아 교실 분위기가 몹시 소란스럽다고 합니다. 공부하겠다고 남은 아이들인데 면학 분위기 조성이 전혀 안 되고 있어 차라리 학원 자습실로 보내는 게 낫겠다는 생각마저 듭니다. 자율학습 시간 동안 감독 교사의 순찰을 강화하여 정숙한 분위기를 유지해 주십시오.,수업_학습
매주 독서록을 작성하여 검사받는 제도가 아이들의 자율적인 독서 습관을 해치고 있습니다. 억지로 줄거리를 요약하고 억지 교훈을 짜내는 과정에서 오히려 책을 멀리하게 됩니다. 검사를 위한 독서록 쓰기보다는 한 달에 한 번 독서 토론회를 열어 아이들이 자유롭게 감상을 나누는 활동으로 대체해 주시는 것은 어떨지 건의해 봅니다.,수업_학습
"발표 위주의 국어 수업 방식 때문에 내성적인 저희 아이가 밤잠을 설치며 괴로워하고 있습니다. 모든 아이가 대중 앞에서 말하기를 잘할 수는 없는데, 발표 횟수만을 적극성의 척도로 삼아 수행평가 점수를 매기는 것은 부당합니다. 글쓰기나 시각 자료 제작 등 다른 방식으로도 참여도를 평가받을 수 있는 선택지를 마련해 주시기 바랍니다.",수업_학습
금요일마다 내주시는 수학 프린트 과제물이 10장이나 되어 주말 내내 아이가 문제만 풀고 있습니다. 주말에는 가족들과 시간을 보내거나 휴식을 취해야 하는데 과제에 짓눌려 지내는 모습이 안쓰럽습니다. 복습에 필요한 핵심 문제만 추려서 2~3장 내외로 과제량을 대폭 줄여주시길 간곡히 부탁드립니다. 아이들의 휴식권도 보장해 주세요.,수업_학습
이번 학기 수학 과제로 내주신 심화 문제집은 학교 진도보다 한참 앞선 내용을 담고 있어 선행학습을 하지 않은 아이들은 아예 손도 댈 수 없습니다. 학원이나 과외를 받는 아이들만 풀 수 있는 과제를 내주시는 것은 공교육의 취지에 어긋난다고 봅니다. 학교에서 배운 개념만으로 충분히 해결 가능한 난이도의 과제로 변경해 주십시오.,수업_학습
"과학 실험 관찰 보고서 양식이 초등학생이 작성하기에는 지나치게 복잡하고 전문적입니다. 가설 설정부터 변인 통제까지 요구하는데, 결국 부모가 대신 써주는 숙제가 되어버렸습니다. 아이 스스로 실험 결과를 관찰하고 느낀 점을 간단히 그림이나 글로 표현할 수 있는 수준으로 양식을 간소화해 주시기를 정중하게 요청하는 바입니다.",수업_학습
"어제 본 국어 받아쓰기 채점 결과를 보니 띄어쓰기 하나 틀렸다고 문장 전체를 오답 처리하셨더군요. 저학년 아이들에게는 너무 가혹한 채점 기준이 아닌가 싶습니다. 틀린 부분만 감점하거나, 띄어쓰기 오류는 세모 표시를 하여 다시 써보게 하는 식의 유연한 피드백이 아이들의 학습 동기 부여에 훨씬 도움이 될 것이라 생각합니다.",수업_학습
"현재 체육 수행평가 종목이 '뜀틀 넘기'인데, 저희 아이처럼 신체 활동에 두려움이 많은 아이들에게는 큰 스트레스입니다. 억지로 넘으려다 다칠 위험도 커 보입니다. 단일 종목으로 평가하기보다는 훌라후프, 줄넘기 등 다른 종목을 선택할 수 있는 기회를 주셔서 다양한 신체 능력을 골고루 평가받을 수 있게 해 주시면 감사하겠습니다.",수업_학습
주 1회 진행되는 진로 수업이 그저 적성 검사지나 돌리고 자습하는 시간으로 전락한 것 같습니다. 아이들이 다양한 직업 세계를 탐색하고 자신의 진로를 진지하게 고민할 수 있도록 외부 전문가 특강이나 직업 체험 프로그램 등을 적극적으로 도입해 주셨으면 합니다. 학교 차원에서 진로 교육의 전문성을 좀 더 높여 주시기를 바랍니다.,수업_학습
"방과 후 영어 보충수업 교재가 학기 중간에 갑자기 바뀌어 부모 입장에서는 교재비가 이중으로 들게 되었습니다. 기존 교재를 절반도 안 썼는데 충분한 설명 없이 새 교재를 강매하는 것 같아 매우 불쾌합니다. 교재를 변경해야만 했던 명확한 사유를 알려주시고, 기존 교재를 환불 처리하거나 끝까지 활용하는 방안을 강구해 주십시오.",수업_학습
"기말고사가 끝난 지 2주가 지났는데 아직도 과목별 성적 이의신청 기간 공지나 가채점 결과 확인이 이루어지지 않고 있습니다. 성적 처리가 지연되면서 방학 중 학원 등록이나 다음 학기 학습 계획을 세우는 데 큰 차질을 빚고 있습니다. 행정 처리를 서둘러 주시고, 평가 결과 공개 일정을 학부모들에게 신속히 안내해 주시기 바랍니다.",수업_학습
고등학교 3학년인데 국어 수업 시간에 수능 연계 교재인 EBS 교재는 거의 다루지 않고 선생님께서 직접 만드신 프린트물로만 수업을 하십니다. 수능이 얼마 남지 않은 시점에서 연계 교재 풀이가 무엇보다 중요한데 수업 방식이 입시 현실과 동떨어져 있는 것 같습니다. EBS 교재를 주교재로 활용하여 수업을 진행해 주실 것을 강력히 건의합니다.,수업_학습
"사회와 역사 과목에서 교과서 대신 매번 나누어주시는 프린트물 관리가 너무 어렵습니다. 아이가 잃어버리는 경우도 많고 순서대로 정리하기도 벅차 시험 기간에 공부할 자료가 부족해 쩔쩔맵니다. 가급적 교과서 위주로 진도를 나가주시고, 꼭 필요한 자료라면 학기 초에 하나의 제본된 책자로 묶어서 배부해 주셨으면 훨씬 수월할 것 같습니다.",수업_학습
"오늘 아이에게 들었는데, 담임 선생님께서 수업 중에 저희 아이에게 다른 아이들 앞에서 심하게 모욕적인 언사를 하며 혼을 내셨다고 합니다. 아이가 수치심에 몹시 상처를 받은 것 같아 부모로서 화가 납니다. 정확히 어떤 상황이었는지 해명을 요구하며, 훈육이 필요하더라도 다른 학생들 앞에서 공개적으로 망신을 주는 일은 없도록 주의해 주십시오.",교사_태도
"수학 선생님께서 평소에 성적이 우수한 특정 아이들만 편애하시고 칭찬 스티커도 그 아이들에게만 몰아주신다는 이야기를 들었습니다. 성적이 조금 부족한 아이들은 선생님의 무관심 속에서 소외감을 느끼며 상처받고 있습니다. 모든 아이들을 차별 없이 공정하게 대해주시고, 작은 노력에도 골고루 칭찬해 주시는 교육자다운 모습을 보여주시길 바랍니다.",교사_태도
"어제 방과 후에 담임 선생님과 전화 상담을 했는데, 내내 귀찮다는 듯한 말투와 한숨을 쉬시는 태도에 무척 당황스러웠습니다. 맞벌이라 낮에 연락을 못 드려 죄송하다고 말씀드렸는데도 빨리 끊으려고만 하셔서 쫓기듯 통화를 마쳤습니다. 학부모와의 소통도 교사의 중요한 역할 중 하나인데, 상담에 임하시는 태도 개선을 정중히 요청드립니다.",교사_태도
"아이가 며칠째 알림장에 부모의 확인 서명을 받아가고, 궁금한 점을 메모하여 보냈음에도 선생님의 피드백이나 확인 도장이 전혀 없습니다. 심지어 아이가 직접 여쭤봐도 나중에 보겠다며 무시하셨다고 합니다. 학부모와 교사의 기본적인 소통 창구인 알림장 관리에 조금만 더 신경을 써주시고, 남긴 메모에 대해서는 꼭 답변을 주셨으면 합니다.",교사_태도
"체육 선생님께서 수업 시간에 아이들에게 '이 새끼, 저 새끼'하며 험한 폭언을 일삼으신다고 합니다. 훈육의 목적이라 하더라도 교사가 학생들에게 욕설을 사용하는 것은 결코 용납될 수 없는 일입니다. 아이들이 선생님의 언행을 무의식적으로 배울까 봐 두렵습니다. 해당 교사의 공식적인 사과와 재발 방지를 위한 학교 측의 조치를 강력히 촉구합니다.",교사_태도
"요즘 시대에 체벌이 금지되어 있음에도 불구하고, 어제 미술 선생님께서 아이들 떠든다며 손들고 서 있게 하거나 오리걸음을 시키셨다고 들었습니다. 이는 명백한 간접 체벌이자 아동 학대 소지가 있는 행동이라고 생각합니다. 교육청에 민원을 넣기 전에 학교 차원에서 먼저 진상을 파악하시고, 합당한 조치 결과를 신속히 알려주시기를 바랍니다.",교사_태도
학급 회의 시간에 아이들이 건의한 '자리 바꾸기 방식 변경' 의견을 담임 선생님께서 쓸데없는 소리라며 묵살하셨다고 합니다. 학생들의 자치 활동을 보장하고 의견을 존중해야 할 교사께서 오히려 독단적으로 학급을 운영하시는 태도는 문제가 있다고 봅니다. 아이들이 스스로 규칙을 정하고 지켜나갈 수 있도록 자율성을 보장해 주셨으면 합니다.,교사_태도
스승의 날을 앞두고 선생님께서 종례 시간에 '너희들 내일 나한테 뭐 해줄 거냐'라며 농담 반 진담 반으로 선물을 암시하는 발언을 하셨다고 아이가 전해주었습니다. 김영란법 시행 이후 작은 캔커피 하나도 조심스러운 마당에 교사로서 오해를 살 만한 발언은 매우 부적절하다고 생각합니다. 학부모들에게 부담을 주는 언행은 삼가 주십시오.,교사_태도
"학교에서 긴급한 공지가 오거나 아이가 아파서 연락을 드려야 할 때, 담임 선생님께서 전화를 아예 받지 않으시고 콜백조차 없으신 경우가 한두 번이 아닙니다. 개인 프라이버시도 중요하지만, 근무 시간 내이거나 긴급 상황일 때는 최소한 문자로라도 피드백을 주셔야 하는 것 아닙니까? 비상 연락망이 제대로 작동될 수 있도록 조치 바랍니다.",교사_태도
"지난주 학부모 총회 때 담임 선생님의 고압적이고 일방적인 진행 방식에 많은 학부모들이 불쾌감을 느꼈습니다. 학부모들의 질문을 자르거나, '어머니들은 잘 모르시겠지만'이라는 무시하는 듯한 화법은 정말 실망스러웠습니다. 학부모를 교육의 파트너로 존중해 주시고, 앞으로의 간담회나 회의에서는 상호 존중하는 태도를 보여주시기를 건의합니다.",교사_태도
"저희 아이가 그림 그리기에 소질이 없지만 나름대로 밤새워 열심히 숙제를 해갔는데, 미술 선생님께서 보시고는 '이게 최선이냐'며 무안을 주셨다고 합니다. 결과물이 다소 부족하더라도 아이의 노력과 과정을 칭찬해 주셨다면 더 발전할 수 있었을 텐데 안타깝습니다. 아이들의 자존감을 깎아내리기보다는 긍정적인 격려를 아끼지 말아 주세요.",교사_태도
"영어 선생님께서 수행평가 조를 짤 때 성적 상위권 아이들끼리만 한 조를 만들어주시고, 성적이 낮은 아이들은 알아서 하라며 방치하셨다는 이야기를 들었습니다. 노골적인 성적 차별이자 학습 분위기를 저해하는 행동이라고 생각합니다. 수준별로 섞어 서로 돕고 배울 수 있도록 공평하게 조 편성을 다시 해 주시기를 강력하게 요구하는 바입니다.",교사_태도
"아침에 배가 아파 화장실에 들르느라 2분 지각을 했는데, 담임 선생님께서 일주일 동안 방과 후에 남아 화장실 청소를 하라는 과도한 벌을 내리셨습니다. 고의적인 상습 지각도 아닌데 사유를 묻지도 않고 이렇게 가혹한 페널티를 주는 것은 납득하기 어렵습니다. 아이의 억울함을 헤아려 주시고 합리적인 수준의 지도를 부탁드립니다.",교사_태도
"어제 담임 선생님 개인 인스타그램에 저희 아이 얼굴이 모자이크 처리도 없이 그대로 올라온 것을 우연히 보게 되었습니다. 교실에서 재미있는 표정을 지었다며 올리신 것 같은데, 학부모의 동의 없이 아이 사진을 SNS에 게시하는 것은 심각한 초상권 침해입니다. 즉각 해당 게시물을 삭제해 주시고, 다시는 이런 일이 없도록 각별히 주의하십시오.",교사_태도
"저희 아이 반에 특정 학생 한 명을 주동자들이 은근히 따돌리는 일이 벌어지고 있는데, 담임 선생님께서는 이를 아시면서도 '아이들끼리의 일'이라며 방관하고 계신다고 들었습니다. 학교 폭력은 초기에 교사가 적극적으로 개입하여 바로잡아야 큰 사고를 막을 수 있습니다. 신속히 사태를 파악하시고 가해 학생들에 대한 적절한 선도 조치를 취해 주세요.",교사_태도
"학생 주임 선생님께서 아침 등굣길에 교복 치마 길이가 짧다며 아이들의 치마를 들춰보거나 다리를 툭툭 치며 지적하신다고 합니다. 복장 규제는 필요하지만, 신체 접촉을 동반한 강압적인 단속 방식은 여학생들에게 큰 수치심을 유발할 수 있는 성희롱적 소지가 다분합니다. 말로서 타이르고 구두로 경고하는 방식의 건전한 생활 지도를 촉구합니다.",교사_태도
"가정환경 조사서에 부모 직업을 적어 낸 이후부터, 담임 선생님께서 아이를 대하는 태도가 눈에 띄게 달라지셨다고 합니다. 전문직 학부모 자녀에게는 친절하게 대하면서, 그렇지 않은 아이들에게는 함부로 대한다는 소문이 파다합니다. 교사가 학생의 가정 형편이나 부모 직업에 따라 선입견을 품고 차별하는 일은 절대 있어서는 안 될 것입니다.",교사_태도
"수업 중에 질문을 하러 교탁으로 간 아이에게 선생님께서 '넌 왜 이렇게 귀찮게 굴어, 꺼져'라는 식으로 반말과 섞인 폭언을 하셨다고 합니다. 믿기 힘든 이야기라 몇 번이나 되물었지만 아이가 눈물까지 흘리며 말하더군요. 교사로서의 품위를 의심케 하는 이 상황에 대해 당장 내일 찾아뵙고 정식으로 항의할 예정이니 면담 시간을 비워두십시오.",교사_태도
"매일 종례 시간이 30분 이상 지연되어 학원 버스를 놓치거나 방과 후 스케줄이 엉망이 되는 일이 비일비재합니다. 담임 선생님께서 그날 화가 나셨다는 이유로 아이들을 꼼짝 못 하게 앉혀두고 설교를 늘어놓으시는 건 일종의 감정풀이 아닌가요? 정해진 하교 시간을 엄수해 주시고, 전달 사항은 요점만 간단히 마쳐 주시기를 간곡히 당부드립니다.",교사_태도
"급식 시간에 아이가 편식을 해서 콩나물을 조금 남겼는데, 급식 지도 선생님께서 이를 보시고는 다 먹을 때까지 자리에서 일어나지 못하게 강요하셨다고 합니다. 구역질을 하면서도 억지로 삼키는 아이를 윽박지르셨다니 부모로서 피가 거꾸로 솟는 심정입니다. 강압적인 식사 지도는 아이에게 트라우마만 남길 뿐이니 절대적으로 지양해 주시길 바랍니다.",교사_태도
"최근 아이가 집안 사정으로 많이 우울해하고 학교생활에 적응을 못 하고 있습니다. 여러 차례 담임 선생님께 전화로 사정을 말씀드리고 각별한 관심과 상담을 부탁드렸음에도 불구하고, 한 달이 넘도록 아이와 단 한 번의 개별 면담도 진행하지 않으셨더군요. 도움이 가장 필요한 학생을 이렇게 방치하시는 선생님의 직무 유기에 깊은 유감을 표합니다.",교사_태도
"과학실에서 비커가 깨졌는데, 선생님께서 전후 사정을 묻지도 않고 평소 장난이 심한 저희 아이를 범인으로 지목하여 몰아세우셨다고 합니다. 나중에 다른 아이의 실수로 밝혀졌음에도 사과 한마디 없이 유야무야 넘어가셨다니 너무 화가 납니다. 아이에게 억울한 누명을 씌운 점에 대해 정식으로 사과해 주시고, 섣부른 판단으로 상처 주는 일 없게 해주세요.",교사_태도
"지난 학부모 공개 수업 때 담임 선생님의 모습은 평소 아이들에게 전해 듣던 모습과 너무나 달랐습니다. 평소에는 소리만 지르시고 칭찬 한 번 없으시다던 분이, 부모님들 앞에서는 천사처럼 웃으며 다정하게 수업하시더군요. 보여주기식 연극에 우롱당한 기분입니다. 평상시에도 공개 수업 때처럼 따뜻하고 열정적인 모습으로 아이들을 지도해 주십시오.",교사_태도
"알림장을 매일 확인하고 있는데, 선생님께서 적어주시는 전달 사항의 글씨가 너무 날림이라 도저히 알아볼 수가 없습니다. 맞춤법이 틀린 경우도 종종 발견되어 교사로서의 기본 자질마저 의심스럽습니다. 학부모들이 정확하게 공지 사항을 숙지할 수 있도록 가급적 인쇄물로 배부해 주시거나 정자로 또박또박 작성해 주시기를 건의드리는 바입니다.",교사_태도
"오늘 담임 선생님과의 학부모 상담에서 1시간 내내 우리 아이의 부족한 점, 산만한 점 등 단점만 지적하시어 얼굴을 들 수가 없었습니다. 부모 입장에서는 학교생활 중 잘하는 점이나 발전 가능성도 듣고 싶은데, 시종일관 부정적인 평가만 늘어놓으시니 기운이 다 빠지더군요. 다음 상담에서는 아이의 장점을 찾아 격려해 주시는 모습도 보여주세요.",교사_태도
"음악 선생님께서 오늘 아침 출근길에 가벼운 접촉 사고가 나셨다며, 수업 시간 내내 짜증을 내시고 아이들의 사소한 장난에도 불같이 화를 내셨다고 합니다. 개인적인 불상사로 기분이 상하신 건 이해하지만, 그 화풀이를 엄한 학생들에게 하는 것은 프로페셔널하지 못한 태도입니다. 공과 사는 엄격히 구분하여 수업에 임해 주시기를 바랍니다.",교사_태도
"체육 시간에 아이가 넘어져 무릎에 피가 나고 심하게 까졌는데도 불구하고, 선생님께서는 '그 정도는 괜찮다'며 양호실에 보내주지도 않으셨다고 합니다. 하교 후 피딱지가 엉겨 붙은 상처를 보고 얼마나 놀랐는지 모릅니다. 아이가 다쳤을 때는 즉각적으로 보건실에서 응급처치를 받을 수 있도록 신속하게 조치해 주셔야 하는 것 아닙니까?",교사_태도
중학교 2학년 아이가 이성 친구와 친하게 지낸다는 이유만으로 담임 선생님께서 교무실로 따로 불러내어 '벌써부터 연애질이냐'며 모욕적인 언사를 하셨다고 합니다. 건전한 교우 관계마저 불건전한 시선으로 바라보고 과도하게 사생활을 통제하려는 선생님의 태도는 구시대적 발상입니다. 아이들의 인권과 감정을 존중하는 지도를 부탁드립니다.,교사_태도
"수업 중 아이가 이해가 안 되는 부분을 질문했는데, 선생님께서 '넌 방금 설명했는데 그것도 모르냐'며 핀잔을 주셔서 아이가 크게 무안을 당했다고 합니다. 그 이후로 저희 아이뿐만 아니라 반 아이들 전체가 질문하는 것을 두려워하게 되었습니다. 모르는 것을 가르쳐주는 곳이 학교입니다. 질문을 장려하고 친절히 답변해 주시는 분위기를 만들어 주세요.",교사_태도
"수학 선생님께서 수업 중에 남학생들에게는 '너희는 이과 가야지', 여학생들에게는 '여자는 꼼꼼하니까 문과가 어울린다'는 식의 성차별적이고 고정관념에 박힌 발언을 자주 하신다고 합니다. 다양한 가능성을 열어두고 꿈을 키워가야 할 아이들에게 성별을 이유로 한계를 짓는 발언은 매우 부적절합니다. 교사로서 성인지 감수성을 높여 주시기 바랍니다.",교사_태도
"도덕 시간에 숙제를 안 해온 아이들을 교단 앞으로 불러 세운 뒤, 다른 친구들에게 '이런 게으른 애들은 커서 뭐가 될까?'라며 조롱 섞인 비난을 하셨다고 들었습니다. 과제 미제출에 대한 합당한 벌을 주실 수는 있으나, 인격을 모독하고 급우들 앞에서 공개적으로 수치심을 주는 행위는 교육 폭력이나 다름없습니다. 정중한 사과를 요구합니다.",교사_태도
"저희 아이가 지난달에 전학을 왔는데, 낯선 환경에 적응하느라 매일 밥도 혼자 먹고 쉬는 시간에도 혼자 엎드려 있다고 합니다. 그런데도 담임 선생님께서는 전학생이 잘 적응하고 있는지 묻거나 짝꿍을 맺어주는 등의 최소한의 배려조차 없으시더군요. 소속감을 느낄 수 있도록 선생님께서 먼저 다가가 살뜰히 챙겨주시면 정말 감사하겠습니다.",교사_태도
"저희 아이는 경계선 지능을 가진 특수 교육 대상자입니다. 일반 학급에 통합되어 수업을 듣고 있는데, 담임 선생님께서 진도가 늦어진다며 아이를 맨 뒷자리에 방치하고 없는 사람 취급하신다고 합니다. 통합 교육의 취지를 완전히 무색하게 만드는 처사입니다. 장애 아동도 차별 없이 동등한 교육 기회를 누릴 수 있도록 세심한 배려를 촉구합니다.",교사_태도
담임 선생님께서 쉬는 시간에도 아이들이 복도에 나가는 것을 금지하고 무조건 자리에 앉아 조용히 책만 읽게 통제하신다고 합니다. 수업 시간에 집중하기 위해서는 쉬는 시간에 화장실도 가고 친구들과 가볍게 대화하며 긴장을 푸는 시간도 반드시 필요합니다. 군대도 아니고 10살짜리 아이들에게 너무 가혹한 통제이니 규칙을 조금 완화해 주세요.,교사_태도
체육 대회 연습 중에 줄을 빨리 안 섰다는 이유로 땡볕이 내리쬐는 운동장에서 반 전체 아이들에게 쪼그려 뛰기 50번의 단체 기합을 주셨다고 들었습니다. 한두 명의 잘못을 연대 책임으로 물어 단체로 체벌하는 방식은 부당하다고 생각합니다. 규칙을 어긴 학생에게만 개별적으로 합리적인 페널티를 부여하는 방식으로 지도 방법을 바꿔 주십시오.,교사_태도
"아이들끼리 사소한 말다툼이 있었는데, 담임 선생님께서 억지로 서로 악수하고 포옹하게 하며 강제 화해를 시키셨다고 합니다. 감정이 풀리지도 않은 상태에서 보여주기식 화해를 강요하는 것은 오히려 마음속 응어리만 키울 뿐입니다. 아이들의 감정을 충분히 들어주시고 스스로 갈등을 해결할 수 있도록 중재자 역할만 해 주시기를 정중히 건의합니다.",교사_태도
"여학생들이 체육복을 갈아입을 마땅한 탈의실이 없어 교실에서 문을 잠그고 갈아입는데, 남자 담임 선생님께서 노크도 없이 불쑥불쑥 문을 열고 들어오셔서 아이들이 기겁하는 일이 잦다고 합니다. 사춘기 여학생들의 프라이버시를 전혀 존중하지 않는 무신경한 행동에 깊은 불쾌감을 느낍니다. 환복 시간 동안은 교실 출입을 삼가시거나 미리 꼭 노크해 주세요.",교사_태도
"아이의 결석 문제로 오전에 장문의 문자를 남겼으나 하루 종일 '읽음' 표시만 뜨고 아무런 답장이 없으셨습니다. 바쁘실 테니 이해하려 했으나, 며칠 뒤 다른 엄마가 보낸 간식 찬조 문자에는 바로 답장을 하셨다는 사실을 알고 몹시 불쾌했습니다. 학부모의 연락을 선택적으로 무시하시는 태도는 교사로서의 자질이 부족해 보입니다. 시정 바랍니다.",교사_태도
사회 수업 시간에 담임 선생님께서 전화를 받으러 나가시거나 교무실에 서류를 갖다주신다며 자리를 비우시는 시간이 너무 잦다고 합니다. 심할 때는 20분 넘게 아이들끼리만 교실에 방치되어 자습을 했다고 하더군요. 학생들의 정당한 학습권을 침해하는 명백한 근무 태만 행위입니다. 수업 시간 이탈을 자제해 주시고 본연의 임무에 충실해 주십시오.,교사_태도
"상담 시간에 제가 조심스럽게 털어놓은 저희 가정의 경제적 어려움이나 이혼 숙려 기간이라는 개인적인 가정사를, 선생님께서 다른 학부모들이나 동료 교사들에게 무심코 발설하고 다니신다는 소문을 들었습니다. 비밀 보장이 생명인 교사가 학생의 민감한 개인 정보를 함부로 누설한 것에 대해 큰 분노를 느낍니다. 당장 교장실로 항의 방문하겠습니다.",교사_태도
서관 2층 여자 화장실에서 하수구 냄새가 너무 심하게 올라와 아이들이 구역질을 할 정도라고 합니다. 게다가 청소도 제대로 안 되어 있어 변기에 오물이 묻어 있는 경우가 다반사라고 하네요. 아이들이 하루 종일 생활하는 공간인 만큼 쾌적한 환경 유지는 필수입니다. 청소 인력을 충원하시거나 배관 점검을 통해 악취 문제를 조속히 해결해 주세요.,시설_환경
"연일 35도를 웃도는 폭염인데 3학년 2반 교실 에어컨이 고장 난 지 벌써 3일째라고 합니다. 아이들이 땀띠가 나고 두통을 호소하며 정상적인 수업을 받지 못하고 있습니다. 학교 측에서는 부품이 없다는 핑계만 대고 있는데, 선풍기 몇 대로는 어림도 없습니다. 이동식 에어컨이라도 긴급히 설치해 주시거나 다른 교실로 임시 이동시켜 주십시오.",시설_환경
어제 아이가 운동장 모래놀이터에서 놀다가 흙 속에 묻혀 있던 깨진 유리 조각에 손을 베여 바늘로 꿰매는 사고를 당했습니다. 정기적으로 모래를 뒤집고 이물질을 걸러내는 작업을 전혀 하지 않으시는 건가요? 자칫하면 아이들 눈이나 얼굴에 찔릴 수도 있는 아찔한 상황입니다. 전면적인 모래 교체 및 철저한 이물질 제거 작업을 강력히 촉구합니다.,시설_환경
급식실 식판과 수저에서 덜 씻긴 고춧가루나 밥알이 눌어붙어 있는 것을 여러 번 발견했다고 아이가 불평합니다. 단체 급식의 생명은 위생인데 식기 세척 상태가 이토록 불량하다니 식중독이라도 걸릴까 무척 불안합니다. 식기세척기 성능을 점검하시고 배식 전 조리 종사원들의 철저한 육안 검수 과정을 거쳐 청결한 식기를 제공해 주시기를 바랍니다.,시설_환경
"한겨울 영하의 날씨인데도 학교에서 에너지 절약을 이유로 교실 난방 온도를 18도에 맞춰두어 아이들이 패딩을 입고 오들오들 떨며 수업을 듣고 있습니다. 손이 시려 연필도 제대로 쥐지 못하다고 하네요. 아이들의 건강과 면학 분위기 조성을 위해 교실 적정 온도를 22도 이상으로 올려 주시고, 중앙 통제식 난방 시스템도 개선해 주셨으면 합니다.",시설_환경
"비가 오는 날이면 본관 중앙 계단 복도 바닥이 너무 미끄러워서 아이들이 넘어져 엉덩방아를 찧는 일이 비일비재합니다. 저학년 아이들은 뼈가 약해 자칫 큰 골절 사고로 이어질 수 있습니다. 복도 바닥에 미끄럼 방지 매트를 깔아주시거나, 비 오는 날에는 물기 제거 전담 인력을 배치하여 안전사고를 미연에 방지해 주시기를 정중하게 건의드립니다.",시설_환경
동관 3층에서 4층으로 올라가는 계단 손잡이 난간이 덜컹거리고 나사가 풀려 있어 아이들이 장난을 치며 기대다가 밑으로 추락할 위험이 커 보입니다. 학기 초부터 아이들이 계속 흔들린다고 이야기했다는데 아직도 수리가 안 된 이유를 모르겠습니다. 대형 사고가 발생하기 전에 학교 시설물 안전 점검을 실시하고 즉각적인 보수 공사를 진행해 주세요.,시설_환경
"실내 체육관 바닥에 먼지가 너무 많아서 아이들이 한 시간만 체육을 하고 와도 양말이 새까매지고 콧물이 줄줄 흐릅니다. 환기 시설도 제대로 작동하지 않아 공기가 무척 탁하다고 하네요. 호흡기 질환을 유발할 수 있는 심각한 문제입니다. 대형 공기청정기를 추가로 설치해 주시고, 매일 아침 체육관 바닥 물걸레 청소를 실시해 주시기를 바랍니다.",시설_환경
"각 층 복도에 설치된 정수기 필터를 언제 마지막으로 교체하셨는지 투명하게 공개해 주십시오. 물에서 쇠맛이 나고 쾌쾌한 냄새가 난다며 아이들이 학교에서 물을 마시지 않고 참았다가 집에 와서 허겁지겁 마시고 있습니다. 정수기 청결 상태와 필터 교체 주기를 철저히 준수해 주시고, 수질 검사 결과표를 정수기 옆에 상시 부착해 두시길 요청합니다.",시설_환경
저희 아이 반 교탁과 아이들 책걸상이 너무 낡아서 모서리 시트지가 다 벗겨져 있습니다. 튀어나온 합판 가시에 아이들이 긁혀서 옷이 찢어지고 살갗이 벗겨지는 상처를 자주 입고 옵니다. 게다가 의자 다리 길이는 맞지도 않아 덜그럭거린다고 하네요. 아이들 체형과 안전에 맞는 새 책걸상으로 전면 교체해 주시기를 학부모 대표로서 강력히 건의합니다.,시설_환경
교실 칠판이 구형 물칠판이라 창문을 통해 들어오는 햇빛에 반사되어 뒷자리나 사이드에 앉은 아이들은 판서 글씨가 아예 보이지 않는다고 합니다. 눈도 금방 피로해지고 시력 저하가 우려됩니다. 요즘 다른 학교들은 대부분 빛 반사가 적은 전자 칠판이나 무광 분필 칠판으로 교체하는 추세입니다. 우리 학교도 쾌적한 시청각 환경을 조성해 주십시오.,시설_환경
학기 초에 배정받은 개인 사물함 문짝이 떨어져 나가 자물쇠를 채울 수가 없어 아이가 무거운 교과서와 개인 물품을 매일 가방에 싸 들고 다니고 있습니다. 어깨가 아프다고 파스까지 붙일 정도입니다. 행정실에 수차례 고쳐 달라고 말했는데도 한 달째 감감무소식이라니 답답합니다. 신속히 사물함을 수리하거나 남는 새 사물함으로 교체해 주시기 바랍니다.,시설_환경
"방과 후에 아이가 숙제를 하려고 학교 도서관에 갔는데, 열람실 책상과 의자 개수가 전교생 수에 비해 턱없이 부족하여 바닥에 쭈그려 앉아 책을 봤다고 합니다. 장서 수도 부족하지만 아이들이 편하게 앉아 책을 읽을 수 있는 기본적인 인프라마저 부족한 현실이 안타깝습니다. 도서관 리모델링을 통해 열람 공간을 확충해 주시기를 긍정적으로 검토해 주세요.",시설_환경
"보건실에 있는 침대 이불과 베개에서 퀴퀴한 땀 냄새가 나고 얼룩이 묻어 있어, 배가 아파 누워있던 아이가 더 불쾌감을 느꼈다고 합니다. 아픈 아이들이 잠시 쉬며 안정을 취하는 공간인데 위생 관리가 이토록 허술해서야 되겠습니까? 침구류 세탁 주기를 단축하시고 정기적인 일광 소독을 실시하여 청결하고 포근한 보건실 환경을 만들어 주시길 바랍니다.",시설_환경
과학실에서 화학 실험을 자주 하는데 환풍기가 고장 났는지 작동하지 않아 교실 안에 독한 가스 냄새가 가득 찬다고 합니다. 아이들이 머리가 아프고 눈이 따갑다고 고통을 호소하고 있습니다. 환기가 제대로 되지 않는 밀폐된 공간에서의 유독성 실험은 매우 위험합니다. 즉각 환기 시스템을 수리하시고 정상 작동 확인 전까지는 실험 수업을 중단해 주십시오.,시설_환경
"음악실 방음벽이 너무 얇은지, 옆 반에서 단소나 리코더를 부는 소리가 그대로 들려와 수업에 전혀 집중할 수가 없다고 합니다. 심지어 바로 위층이 고학년 교실이라 층간 소음 민원도 잦다고 들었습니다. 쾌적한 음악 수업과 타 학급의 학습권 보장을 위해 음악실 벽면에 방음재를 보강하는 공사를 방학 기간을 이용해 꼭 진행해 주셨으면 좋겠습니다.",시설_환경
"미술실 세면대 4개 중 3개가 꽉 막혀 물이 전혀 내려가지 않고 있습니다. 물감 묻은 붓과 팔레트를 씻으려다 땟물이 역류하여 아이들 교복 소매가 다 버렸습니다. 찰흙이나 물감 찌꺼기 때문에 배관이 막힌 것 같은데, 뚫어뻥 같은 임시방편 말고 전문 업체를 불러 하수관을 시원하게 뚫어주십시오. 아이들이 쾌적하게 뒷정리를 할 수 있게 도와주세요.",시설_환경
"학교 후문 바로 옆에서 진행 중인 아파트 신축 공사 현장의 소음과 분진이 너무 심각합니다. 수업 중에 선생님 목소리가 안 들릴 정도로 쿵쾅거리고, 창문을 열면 먼지가 뽀얗게 들어와 책상이 까매집니다. 학교 차원에서 시공사에 강력히 항의하여 소음 방지벽 증축 및 공사 시간 조정을 요구해 주시고, 관할 구청에도 적극적으로 민원을 제기해 주십시오.",시설_환경
아이들 등하굣길 통학로에 설치된 노란색 안전 펜스가 군데군데 찌그러지고 파손된 채 날카로운 철사가 삐져나와 있어 지나가는 아이들 옷이 걸리거나 살이 베일 위험이 큽니다. 어린이 보호구역 내의 시설물은 안전이 최우선입니다. 지자체와 협의하시어 파손된 안전 펜스를 즉각 보수하고 튼튼하고 안전한 재질로 전면 교체해 주시기를 강력히 요구하는 바입니다.,시설_환경
자전거로 등하교하는 학생들이 많은데 자전거 보관소에 비가림막이 설치되어 있지 않아 비나 눈이 오는 날이면 안장과 체인이 다 젖어 녹슬고 고장 나기 일쑤입니다. 자전거 이용을 권장하면서 정작 보관 시설은 이토록 열악하다니 아쉽습니다. 비바람을 막을 수 있는 지붕 형태의 튼튼한 비가림막 구조물을 조속히 설치해 주시기를 정중하게 건의드립니다.,시설_환경
"쓰레기 분리수거장이 후문 쪽 식당 바로 옆에 위치해 있어 잔반 통과 섞여 썩는 냄새가 진동을 합니다. 파리와 모기 등 해충이 들끓어 미관상으로도 좋지 않고 위생적으로도 매우 불결합니다. 쓰레기장 위치를 학생들 동선과 떨어진 구석으로 이전해 주시거나, 매일 철저한 물청소와 방역 소독을 통해 악취를 근본적으로 차단해 주시길 간곡히 부탁드립니다.",시설_환경
"여름철이 다가오는데 교실 창문 방충망이 여기저기 찢어지고 구멍이 나 있어 모기와 벌레들이 교실로 무자비하게 들어옵니다. 아이들이 모기에 물려 긁느라 수업에 집중하지 못하고, 벌레를 쫓느라 교실 안이 매번 아수라장이 된다고 하네요. 본격적인 장마와 폭염이 시작되기 전에 전 교실의 방충망 파손 여부를 전수조사하고 새것으로 꼼꼼히 교체해 주십시오.",시설_환경
"화장실에 세면대 비누와 두루마리 휴지가 항상 비어 있다고 아이가 매번 불평을 합니다. 용변을 보고 휴지가 없어 난감해하는 아이들이 한둘이 아니며, 손을 대충 물로만 씻고 나오니 감기나 전염병 예방도 걱정됩니다. 비품 관리하시는 분께 각별히 신경 써달라고 전해주시고, 각 층 화장실에 일일 점검표를 부착하여 소모품이 제때 보충될 수 있도록 조치해 주세요.",시설_환경
운동장 조회대 옆 관람석 스탠드에 설치된 차광막 천막이 낡아서 비바람에 찢어진 채로 위태롭게 펄럭이고 있습니다. 철제 프레임도 녹이 슬어 있어 강풍이라도 불면 천막이나 지지대가 무너져 밑에서 쉬던 아이들이 크게 다칠 것 같아 조마조마합니다. 미관상으로도 흉물스러우니 낡은 천막을 철거하고 튼튼한 폴리카보네이트 재질의 지붕으로 새로 시공해 주십시오.,시설_환경
"선생님들 출퇴근 차량이 드나드는 정문 주차장 진입로와 아이들의 도보 통학로가 명확히 분리되어 있지 않아 매일 아침 등굣길이 아수라장입니다. 갑자기 튀어나오는 차량 때문에 아이들이 깜짝 놀라 멈칫하는 아찔한 순간을 여러 번 목격했습니다. 안전봉을 세워 보행자 전용 통로를 확실하게 분리해 주시고, 등하교 시간대에는 교문 앞 차량 출입을 통제해 주십시오.",시설_환경
"다리를 다쳐 깁스를 한 저희 아이가 엘리베이터를 타려고 했더니, 선생님 전용이라며 교장 선생님께서 호통을 치며 내리라고 하셨다더군요. 결국 목발을 짚고 4층까지 계단을 올랐다고 합니다. 몸이 불편한 학생이나 무거운 짐을 든 학생들은 자유롭게 엘리베이터를 이용할 수 있도록 허용하는 것이 마땅한 교육 기관의 도리 아닌가요? 규정을 즉각 시정해 주십시오.",시설_환경
각 교실에 설치된 안내 방송용 스피커의 음질이 너무 불량하여 치직거리는 잡음만 크게 들리고 교장 선생님 훈화 말씀이나 중요 공지사항이 하나도 전달되지 않습니다. 화재나 지진 같은 비상 상황 발생 시 대피 방송을 제대로 듣지 못해 대형 참사로 이어질까 봐 덜컥 겁이 납니다. 방송실 앰프와 각 반 스피커 회선을 전면 교체하는 공사를 시급히 진행해 주세요.,시설_환경
"운동장에 잡초가 너무 무성하게 자라 있어 아이들이 축구를 하거나 달리기 수행평가를 할 때 발이 걸려 넘어지는 사고가 잦습니다. 모래 반, 풀 반이라 여기가 학교 운동장인지 버려진 공터인지 헷갈릴 정도입니다. 방과 후나 주말을 이용하여 제초 작업을 대대적으로 실시해 주시고, 정기적인 운동장 표면 평탄화 작업을 통해 아이들이 맘껏 뛸 수 있게 해 주세요.",시설_환경
"학교 건물 뒤편 주택가와 맞닿은 붉은 벽돌 담장이 한쪽으로 심하게 기울어져 있어 붕괴 위험이 높아 보입니다. 균열 사이로 시멘트 가루가 떨어지기도 하는데 며칠 전 내린 폭우 탓에 지반이 더 약해진 것은 아닌지 심히 우려스럽습니다. 전문가의 안전 진단을 긴급히 받아보시고, 필요하다면 옹벽 구조를 덧대거나 무너뜨리고 새로 튼튼한 담장을 쌓아 올려 주십시오.",시설_환경
"현관 입구에 있는 실내화 주머니 보관함 개수가 학생 수보다 현저히 적어서, 아이들이 그냥 바닥에 실내화 주머니를 널브러뜨리고 교실로 올라갑니다. 비 오는 날이면 신발장에 진흙이 범벅되어 현관이 엉망진창이고 냄새도 심합니다. 여유 있는 공간에 수납장을 넉넉히 추가 설치해 주시고 반별로 구역을 지정하여 아이들이 깔끔하게 정리하는 습관을 들이도록 지도해 주세요.",시설_환경
"3학년 1반 교실 창가 쪽 형광등 2개가 며칠째 계속 깜빡거리고 빛이 파르르 떨리는데도 수리가 안 되고 있습니다. 깜빡거리는 불빛 아래서 책을 보면 눈이 금방 시려 시력이 나빠질 뿐만 아니라, 집중력도 크게 떨어집니다. 행정실에 형광등 교체 신청을 여러 번 했다고 하던데 처리가 너무 늦네요. 내일 아침 아이들 등교 전까지 반드시 새 램프로 교체해 주시길 바랍니다.",시설_환경
"체육관 내에 위치한 체육 교구 창고의 환기구가 고장 나 먼지와 곰팡이 냄새가 지독합니다. 뜀틀 매트나 공에서 퀴퀴한 냄새가 배어 나와 만지기조차 싫다고 아이들이 투덜거립니다. 비염이나 천식이 있는 아이들에게는 치명적인 환경입니다. 고장 난 환풍기를 대용량으로 수리해 주시고, 주기적으로 체육 창고 문을 열어 맞바람이 치도록 환기 관리에 신경 써 주셨으면 합니다.",시설_환경
급식 먹고 양치를 하려 해도 세면대 수도꼭지가 층마다 5개뿐이라 아이들이 길게 줄을 서다 결국 점심시간이 끝나버려 양치를 포기하는 일이 다반사입니다. 코로나 이후 개인위생 관리가 더욱 중요해진 시점입니다. 복도 자투리 공간이나 화장실 앞쪽에 다인용 양치 전용 수도 시설을 추가로 확충하여 아이들이 식후 양치질을 거르지 않도록 적극적인 지원을 부탁드립니다.,시설_환경
"탈의실 공간이 너무 비좁아 30명이 넘는 아이들이 한꺼번에 옷을 갈아입다 보면 팔꿈치로 서로 치고 부딪히는 등 큰 혼잡이 빚어집니다. 게다가 창문에 블라인드나 가림막 커튼조차 없어서 밖에서 안이 훤히 들여다보일까 봐 조마조마하다고 하네요. 빈 교실이나 유휴 공간을 활용하여 탈의실을 좀 더 넓은 곳으로 옮겨 주시고, 창문에는 반드시 불투명 시트지나 커튼을 달아주세요.",시설_환경
학교 교문 위에 설치된 미세먼지 신호등 알리미 전광판이 한 달째 전원이 꺼져 있는 상태로 방치되어 있습니다. 요즘 황사와 미세먼지가 극성이라 아침마다 전광판 수치를 보고 마스크 착용 여부나 야외 활동 가능 여부를 판단하는데 기계가 먹통이니 여간 답답한 게 아닙니까? 단순히 플러그가 빠진 것인지 기계 결함인지 확인하여 조속히 정상 가동시켜 주시기를 바랍니다.,시설_환경
"급식실 의자 여러 개의 등받이가 깨져 있거나 다리 고무 패킹이 빠져 앉을 때마다 끼익거리는 소음이 나고 까닥거립니다. 아이가 앉았다가 뒤로 넘어갈 뻔한 아찔한 순간도 있었다고 하더군요. 성장기 아이들의 척추 건강과 안전을 위협하는 파손된 식당 의자들을 전수 검사하여 당장 폐기해 주시고, 튼튼하고 안전한 새 의자로 신속하게 교체해 주실 것을 강력히 촉구합니다.",시설_환경
"2층 남자 화장실 제일 안쪽 양변기가 일주일이 멀다 하고 상습적으로 막힙니다. 오물이 역류하여 바닥에 흘러넘친 적도 있다는데, 그럴 때마다 악취가 복도까지 퍼져 아이들이 화장실 가기를 꺼려 합니다. 단순히 뚫기만 해서는 해결될 문제가 아닌 것 같으니 배관 내부에 나무뿌리나 큰 이물질이 막혀 있는 건 아닌지 내시경 카메라 등을 동원하여 근본적인 배관 공사를 해주세요.",시설_환경
"학교 앞 스쿨존 교문 진입로에 있는 과속 방지턱의 높이가 너무 낮고 페인트가 다 지워져 있어, 오토바이나 배달 차량들이 속도를 전혀 줄이지 않고 쌩쌩 달립니다. 정문에서 튀어나오는 아이들과 부딪힐 뻔한 사고를 목격한 학부모들이 한둘이 아니습니다. 지자체 교통과와 협력하여 과속 방지턱을 규격에 맞게 더 높게 재설치하고, 눈에 확 띄도록 노란색 도색 작업을 다시 해주세요.",시설_환경
"컴퓨터실 PC가 도입된 지 10년이 다 되어가는 구형 모델이라 부팅하는 데만 10분이 넘게 걸리고, 코딩 프로그램 하나 돌리려 해도 버벅거려 멈춰버리기 일쑤라고 합니다. 4차 산업혁명 시대에 소프트웨어 교육을 강조하면서 정작 하드웨어 인프라가 이렇게 열악해서야 어떻게 제대로 된 IT 교육이 이루어지겠습니까? 최신 사양의 컴퓨터로 전면 교체할 예산 편성을 요구합니다.",시설_환경
저희 아이 반 교실이 복도 계단 바로 앞이라 지나가는 다른 반 아이들이 창문 너머로 계속 쳐다보고 장난을 쳐서 수업 분위기가 몹시 산만해진다고 합니다. 아이들이 집중력을 잃고 덩달아 창밖을 쳐다보게 된다고 하네요. 학습권 보장을 위해 복도 쪽 창문 하단 절반 정도에는 밖에서 안이 보이지 않도록 불투명 안개 시트지를 꼼꼼하게 부착해 주시기를 정중하게 건의드리는 바입니다.,시설_환경